source,target,edge
pulsating city you,Vietnamese  life,Dive into
economic  that,old  Vietnam,is
just  trying,road,are vibrant
where  you,peace,has
right  Temple,grand Vietnam history,is
businesses,health  issues,closed due
major  attraction,ancient  core,strolling
commercial  that,commercial  history,is
odd  piece,modern era motorbikes,'s
where vernacular shophouse merchants,alleyway storey rows,has
backstreets,great Hanoi street life,are
relic,architectural Nha Tho style,built in
façade,two bell towers,decorated
main  entrance,mass,kept
other  you,Hanoi,access
known  landmark,old town quarter,is tranquil
red  that,Vietnamese Ngoc Son history,is
13th Tran Hung who,invading Mongol army,revered as
tiny  island,best Turtle bridge,holds
religious  building,11th  century,is
Today  Temple,scholars,stands as
still  who,here  pillars,was
where  statue,Confucius,lead to
sprawling  that,Ho Chi Minh,is
embalmed Ho Chi body,glass case,is
various Chi Minh which,well Vietnamese Revolution,is
home Ho Chi which,home Ho Chi Minh,is
11th century which,colonial  troops,is
Vietnam Museum,curated  exhibits,houses
beautiful Vietnam that,wooden  carving,highlighted with beautiful
garden area,interesting  exhibits,holds
Here  you,ethnic  Vietnam,see
19th Lo Prison Museum,French  rule,used
American  POWs,Vietnam War,known as
solitary jail guillotine,also  display,contain
colonial  that,brutal regime prisoners,kept
Two  rooms,brutal regime prisoners,tell
excellent evening you,tow,are
ancient art form,made water pools,evolved in
Performances,Vietnamese  instruments,center around
Hanoi,daily Water Puppet Theatre,is
courtyard,French  planes,displays
huge  which,20th century history,is
museum,stocky flag tower,are
definitely pit that,contemporary  artists,need
terracotta Champa Buddha,intricate  goddess,statues from
Imperial Citadel area,right  1960s,was
various  that,once  spot,highlighted by archaeological
military Vietnam maps,Vietnam War,'s
West Lake,15 shoreline kilometers,is
here  that,interesting  vicinity,come
standing mother goddess,standing Tran Quoc Vietnam,is
many skyline that,close  shore,is
West Lake,Thuy Khue Street,lies off
trip,must city,is
Memorial House,everyday town centuries,sits in
ancient feng which,good Memorial House,has
you,calligraphy residence crafts,watch traditional
We,old town quarter,recommend
when  temperatures,teens,enjoys
strong  nights,February,feel chilly
general  weather,narrow Old Town Quarter,is
higher  these,popular  Hanoi,see higher
sometimes  rains,early  October,hit
it,time,are
June  August,addition,considered
that,often  mosquitoes,means
heavy humidity activities,humidity level,make
general  you,three  months,visit at
actually Happiness that,Meo Passes,is
Happy Road,even Happy Road birth,has
Ha Ha Giang,ever tourism purposes,was
volunteers  workers,toughest mountain Vietnam,joined
ethnic  Some,7 Happiness Road,sacrificed
local Happiness people,here  future,is
Ba Twin Mountains,lovely Happiness Road,are
green  hills,charming rice appearance,catch
which,breathtaking sea valley,lies
You,quick Van Karst Plateau,stop at
ancient Van Rock meanings,letters,is
Hoang Su Phi,terraced rice Vietnam,gladly
Hoang Su Phi,Con Linh Mountain,is
golden  terraces,white  clouds,have
terraced  fields,hard  work,considered as
Hoang Su Phi,breathtaking rice mountain,offers
best  time,Ha Giang,is
Late  September,hard harvest time,is
ethnic  people,fair  market,stay true
local  people,good  foods,is
yourself,fair  time,find
already Dong road,up Lung cu Flagpole,is
cu Flagpole you,400 Lung cu Flagpole,have
more  views,effort,reward
Lung Cu,panoramic Dong Van,is
Foreigners,Lung cu permit,Note
Asianway you,issue,have
old Van Old Quarter,sheer  mountains,is
Most,ethnic Trinh Tuong people,are
second  floor,living,lived in by
also  Night,lunar Old March,is
local  people,cultural brocade activities,showcase
Old Quarter,great Ha time,’s
Vuong mansion,special Ha Giang,is
10 Vuong mansion,10  construction,is
large mansion which,about Vietnam Dong,considered
who,H’Mong workers,built by
Therefore  structure,China H’Mong,has
20-km long Pi Leng you,when Tu San Canyon,make sure
famous Nho Que river,grey Nho Que cliffs,’s
Looking,long Pi Leng nature,blow
famous  house,famous movie Pao,is
famous  house,famous movie person,opened for
53  households,ethnic  people,nested in
Lung Cam visitors,peaceful  locals,enjoy
Au Tau Porridge,everywhere Dong Van plateau,found
bowl,literally au rice,has
Dried buffalo meat,only Ha Giang,is famous
dish,Black Thai people,is
Dried buffalo meat,wooden  fire,marinated
smell,northwest forest Vietnam,remains with
Tam Giac Mach,also Giac Mach tastiness,known
You,cultural Giac Mach village,find many
Giac Mach flower,also  wine,used
Thang Den,cold Meo town,warm
white  balls,sweet  peanuts,soaked in sweet
dish,ethnic  region,is
parts,big  pan,put in
men Thang Co prices,men Thang Co ’s,are varied
northernmost Ha Giang,final  Vietnam,was
extra Ha preparation,Ha motorbike,needed
north  it,hours  driving,is
several  buses,Ha Giang,are available
price,13  bus,ranges from
Happiness Road,way Dong Van,is
peak  you,motorbike,be dangerous
grey flower blooming mountains,pinkish flower field,visit
other Ha Giang,authentic  charms,own authentic
January February January it,festive Lunar New atmosphere,'s
Ha Giang,annual love market,bustling with
poetic rice fields,especially Ha Giang,is
buckwheat flowers,terraced  fields,'s
also  time,festival Share,this
Vietnam,most Southeast beautiful,known as
where  traditions,harmony,take
old  capital,rich  culture,blessed with rich
Hoi An,poetic  river,is
Ninh Binh,famous  movie,was
beautiful  landscape,old Vietnam times,shines with
Ha Giang City,paced life style,has
Islands Food,Travel News,Drink
quick  us,information,Send
quick  inquiry,booking,is FREE
"25,668",local  IT,contributed to local
2019  We,affiliate links,earn
two thousand two that,green  waters,is famous
great climbing that,boats,make for great
where Cat Ba most,cruise boats,inhabited
many Halong that,onboard cruise daytime,spend many
you,top Halong Bay,discover
businesses,health  issues,closed due
towering limestone that,Halong Bay,'s
options,overnight day capital,makes
modern yacht style that,traditional junk boat sails,take
one night cruise,capital,located
you,all cruise ticket,be
open sun you,then Halong Bay,are
three cruise you,also  islands,get
always  activities,floating cooking villages,offer
best Halong you,turquoise  waters,is
Cat Ba Island,nice  hotels,is
Ba National that,one Vietnam War,Park
Cat Ba,close Halong Bay,is
clearly  you,rock climbing,marked
many cruise visitors,many visitors boat,are available
best  you,rare  flight,have many
cruises,mornings,has
it,also Cat Ba Island,'s
that,normal cruise tours,is
only limestone those,three  days,find
large Tu Long you,safely  kayak,explore
that,every  corner,has
Cat Ba Island,endangered leopard cat,covered in
top scuba areas,Cong Do Island,make
isolated Van Gio location,marine boat species,means less
five Do that,unique limestone ecosystem,is
red Cat Ba Island,living sea turtles,is
easily  you,back  land,inhabit
where hiking you,ancient  way,offer
also Coastal Amusement which,also Typhoon Water Park,is
Queen Cable which,beautiful photo opportunities,connected by
sandy water that,gently Tu Long Bay,offers
Wheel Halong Sun Wheel which,64 Halong cabins,find
shaped  beach,Halong Bay,be
Tip Top island,only Halong Bay,is
here  you,just Halong Bay,stop
small  that,also  snorkeling,has
eclectic exhibition that,Buddhist French Colonial empire,offers
where  you,ethnic Halong Bay,meant
massive book library,also screening room,offers
when Ha Giang you,area,is
also Cat Ba Island,good  them,'s
small  island,two Halong caves,is
highest Dau Go dome,inside stone pillars,is
especially rock that,blue animal water,arranged
ghostly  visitors,ghostly  walls,is
different  who,different  those,let in natural
where  shrines,spiritual photo taking,occupies
large  pagoda,completely  2007,reconstructed
manicured  gardens,stunning  water,include small
Vung Vieng,Tu Long Bay,is
today  some,still  work,is
main  earnings,rather  tourism,come from sustainable
open  visitors,handicrafts,converted
also  some,authentic  experience,'s
village,local rowing residents,approached on small
tiny coastHalong island,developed tourist area,is
lot  visitors,here island transportation,reached via
often  travelers,dance souvenirs,catch
Cat Ba coastline,kayaking,offers
Halong Bay,great  Vietnam,is
popular  cities,Hanoi,include
you,beautiful Chau Travel Guide,see
you,top beach Vietnam,see
just  you,just  what,is
Tuan Chau,domestic  travelers,is
when Mai Chau Valley,great day weekends,offers great
yourself,green  forests,find
different Thai you,different Thai where,is
basics,beautiful human people,is
Mai Chau Valley,green rice backdrop,has
Tuan you,always  scenery,be
Local  hotels,bike,guide
Trekking  packages,than  40,cost more
you,2-hour in itinerary,book
You,cheaper  homestay,find at
one  you,local Thai family,is
first Thai floor,livestock,are traditional
Sleeping  condition,exact host family,be
Toilet,western  standards,are
local stilt you,traditional  villagers,have
It,absolute Tuan Chau,’s
Thai that,equally village beauties,is
best Tuan it,famous Tuan Chau views,be
pass,perfect mountain curve,is on
more Thung it,Tuan motorbike,’s best
Buses,here Tuan while,stop
Buses,local Mai view,’s
Thai  women,hill Vietnam,are famous
local brocade community,traditional  practice,is
where Tuan women,Tuan Chau life,is
Thai brocade fabrics,rich  patterns,known for
Silk brocade,natural hemp elements,made
Thai brocade fabrics,skin,rest
underground Mai Chau Valley,such Mo Luong Cave,has
Mo Luong which,far Tuan Chau,is
two  entrances,stretching rice paddy fields,overlook to
Its,half day hiking tour,’s
honorable Chieu you,1200  steps,is
you,Chieu Cave,looking for
Walking,interior  cave,felt
away Tuan it,refreshing Mai Chau Valley,is
traditional Luong Nature Reserve,truly Northern Vietnam,is
perfect  it,newly Public Health,is
vivid  which,villagers,take
ideal  visitors,clear bamboo stream,is
Pa Co Market,ethnic  people,takes
where  you,Hmong  culture,is
Pa Co Market,ethnic Tuan Chau,is
bustling  atmosphere,quiet Pa Co weekdays,is
People,grown  others,bring
Pa Co Market,unique Tuan Chau,is
Moc Chau trip,Moc Chau delicacies,make
Mai Chau you,distinctive Northwest Vietnam,find
Homestay families,reasonable Tuan prices,offer traditional
Thai dancing you,Thai dancing meal,have
distinctive  dishes,Northwest Vietnam,are
trip,Tuan Chau,make
highland pigs,naturally Tuan Chau,raised by
pork meat,lesser  fat,known for lesser
famous Thai you,easily Tuan Chau,is
long  food,long  bamboo,make
famous Thai you,easily Mai March,find
you,easily Muong people,is
that,knuckles,cut into
grapefruit which,then  coal,wrapped by
flavor,aroma,added by
therefore  weather,here  year,change much
Mai Chau Valley,different  year,appeals with different
Where Good Crops Festival,bountiful rice crops,celebrated by
group,large  playground,wear
group,oldest  rain,go into
group,outside  ceremony,proceed to
Other  activities,spring one,are
Where Good Crops Festival,other Northwest Vietnam,takes
who,good Thai people,is
quite Tuan you,Tuan Chau,is
you,hours Mai Chau motorbike,get to
letThe  path,Mai try,is
convenient  you,own package trip,way
Vietnam,most Southeast beautiful,known as
where  traditions,harmony,take
old  capital,far Da Nang,blessed with rich
Hoi An,poetic  river,is
You,popping Instagram posts,want
Ninh Binh,hottest Vietnam 2020,is
Hoi An,350 treasure plants,is
Taking,historical Trang way,recommended
Hoi visitors,impressive Bai Dinh architecture,miss
when  you,beautiful Ninh Binh,help
you,treasure,’s
where pagoda entrance,limestone island,is
Visitor,nicest Bich Dong Vietnam,walk on
Dong Grotto beauties,really Bich Dong title,Come
boat trip,hidden Ninh gem,is
only  you,below limestone cliffs,see
Thai Vi which,unique  architecture,pay
quite Tam you,boat fee,have
Bich Dong Pagoda,dramatic limestone cliffs,is
Bai Dinh,ancestors,dedicated to
Bich Dong you,high Buddha Sykamuni bronze,find
first  which,Vietnamese  culture,held on
You,boat Trang,visit
Hoa Lu,strategic  location,used
rugged Lu Ancient Citadel,almost  invaders,was
visit,Hoa Lu,is easy
Trinh Temple,1000  mountain,been
several Trinh Temple,several  renovations,is
architecture,Trinh Temple,boasts
visit,Trinh Trang,included in
when Trinh that,knees,Wear
Wear Dia Linh that,something,crowded
loud  walking,loud  noises,Mind
You,alternative hollywood universe,watched
tribal  you,just rattan film,village
you,also  movie,find
role  you,Tribal  villagers,are
touristic Lac Village,impressive Instagram posts,makes
Phuong National you,admission,have
Primate Rescue which,large  eyes,come to
special  feature,old 5.5 m,is
Silver Cloud Mountain,challenging  trek,are
visit,wide nature flora,offers
fresh  it,best city life,surrounded by
you,tents,are
Phat Diem cathedral,cathedral,is
which,completely 3-level stone,is
historical bell which,Vietnamese architecture characteristics,stand
cathedral,Vietnamese bell pagodas,designed with
famous Ninh Binh which,south,is
dish,Rousong meat floss,made from
Larger rice crust,smaller  pieces,cut into smaller
chef,just sesame oil,prepare
bowl,dish,put on
when  you,two  heritage,find
Ninh which,also Ha Long Land,Long
getting,fairly Ninh you,is
practical Ninh you,Ninh Binh experience,shown
Vietnam,most Southeast beautiful,known as
where  traditions,harmony,take
old  capital,rich  culture,blessed with rich
Hoi An,poetic  river,is
Hue,old Vietnam times,shines with
Hoi An,paced life style,has
how Z most,Ninh Binh,show
Sapa,Beaches Travel News Travel,underwent
quick  us,information,Send
quick  inquiry,booking,is FREE
"25,668",local  IT,contributed to local
ME,TRIP,HELP
how Z most,Ninh Binh,show
Sapa,top tier travel Vietnam,underwent
small Northwest town,natural Sapa landscapes,boasts
You,first time visitors,like
full  who,full  those,offers
Scenery,wild Lien Son peak,is worth
more  it,summer,be between
long  you,still cable car,reach
most cable car who,Indochina,opened for
adult cable car,mountaintop  peak,take
You,then  peak,have
small  town,mist,has to
you,further  areas,skip
visitors,things,has
up Cloud you,up  mountaintop,is easy
lower  part,orchid kinds,made into
small  town,short  walk,costs
small  town,ancient  French,built in
small  town,mist,is
where  lot,cultural  Saturday,is
only Sapa goods,also meeting Hmong,is
Sapa Market,made  display,is
Tourists,pharmaceutical  products,buy pharmaceutical
Food,specialty horse meat,is
grilled town night dishes,grilled  beef,suggest
meat,fire,stay
nowhere Muong Hoa which,small mountain Sapa,is better
Muong Hoa you,terraced mountain fields,learning
just  It,many  generations,’s
poetic Muong Hoa River,such Sa Seng village,take
1000 Muong Hoa Valley,several minority Hmong,is
away Silver Waterfall,National Highway,seen from
upstream,as 200 silver,is
beauty,dramatic chayote hillside,adds
where stone water,you,climb
Cat Cat Village,Hmong hill tribe people,is
idyllic  landscape,local  community,is
traditional  which,many  colors,wear Young
good  house,Hmong  life,considered
trekking we,immensely paddy horizon,fail
Ta Van Village,delightful  Sapa,is
small Ta Van Village,wonderful hill tribe Sapa,is
Ta Van Village,ethnic Sai Ho minorities,is
path,terraced Ta Van fields,is small
deeper Ta Van visitors,natural  landscape,help
Zao culture,cuisine Ta festivals,shows most
bucket you,true  adventure,missed on
Ta Van Village,away  center,is
Ta Van Village,lower Son Moutain Range,belongs to
Ta Van you,terraced Chi Son fields,see
Ta Van Village,best  Sapa,is
Sapa Love Market,local  life,is
weekly love market men,women affection,hold
Sapa,’s Love Market,show
boys,traditional  dancing,perform traditional
Love Market,best  Sapa,is
conquering,Fansipan,is
safety,local trekking trip,’s best
which,Sapa  Sapa,risen
trains,impressive Fansipan architecture,designed in European
Muong Hoa you,beautiful Muong Hoa Valley,have
you,little  bit,be
when Quy Ho it,peaceful Quy Ho Sapa,find
incredible  site,trip,are in
magic,nature,see
Love Market,worthiest  visit,is
little  town,surrounding trading areas,erupts into
northern  which,small  people,is
also  you,unique  locals,have
Quy Ho Pass,local Lai travelers,been
little O Quy Ho,half day trip,make
Quy Ho Pass,northwest Lai difficulty,hailed as
road,silk,winding
visitors,colored  eyes,moved by
dish,12 cinnamon twig,known as
local  people,often  hours,stew for
dish,fresh  vegetable,served with fresh
special district Opening which,northwest  Vietnam,st
different dish highlight,soft pork meat,'re
pigs,regular pork meat,said
you,Sapa,eat
here salmon restaurants,here  fact,are
that,freezing Salmon days,is
heaven match,local hotpot vegetables,is
dish,everyday luxury travelers,is
Glutinous  rice,Glutinous bamboo rice,cooked inside
Bamboo Sticky Rice,often  taste,eaten with
sticky  you,anywhere  Sapa,find
just  you,bus  Sapa,have
Average  time,7 tourist trains,is
trains,run Victoria Express SP7,consist of
coffee  snacks,board,are available
price,often  train,varies depending
recent  time,6  hours,reduces
sleeper you,comfort,are
however Sapa Express buses,Sapa Express office,depart from
high  Sapa,83 degree 87,enjoys
You,lovely highland Vietnam,visit
summer Sapa,heated  cities,makes
Sapa,lower  regions,is
Sapa,domestic  travelers,is
foreign  Sapa,March May,is best
everywhere rice you,terraced rice fields,shines with
surrounding highland we,four  trip,is
we,updated  information,shown
Vietnam,most Southeast beautiful,known as
where  traditions,harmony,take
old  capital,rich  culture,blessed with rich
Hoi An,poetic highland river,is
beautiful Skull landscape,old Vietnam times,was
Hoi An,paced life style,has
Islands Food,Travel News Travel,Drink
quick  us,information,Send
quick  inquiry,booking,is FREE
"25,668",local  IT,contributed to local
Da Nang,attractive  Vietnam,is
cool Hoi An,next  trip,be
's,top Da Nang,Let
that,sandy  beaches,is
Many  people,outstanding Da beaches,travel to
Khe Beach,attractive Forbes planet,voted by
Herald Sun magazine,also Khe Beach,rated
Khe Beach,also Da Vietnam,is
Khe Beach,far city center,is
area,especially Da summer,is
coconut trees,poetic  scenery,attracts
Khe Beach,day,is charming
Khe Beach,such beach soccer,is
You,Khe Beach,choose
Khe Beach,public Da Nang,located at
where  tourists,swimming,is
cool Khe Beach,busy  lives,is
Khe Beach,white  sand,occupies
Khe Beach,such Pullman Danang Beach,is
Khe Beach,Marble Mountains,located near
Khe Beach,fresh  seafood,is
that,when Da Nang,is
tourist attraction,15 tourist attraction,located
Marble Mountains,5  mountains,consists of
here Thuy which,Marble Mountains,come
Ba Na you,beautiful Da Nang City,see
entertaining Hoa Vang which,km Da Nang City,is
"1,489 m sea climate","1,489 m sea level",is
18  you,four  day,is
Ba Na Hills,entertaining  ages,designed as
You,Ba Na Mountain,need
When Ba Na you,vast Ba Na gardens,get
One,giant Golden clouds,is
French Village,perfect photo lover,is
Here  you,overnight Ba Na Hills,stalls with
unforgettable  you,Europe,have unforgettable
ticket,free Fantasy Park,includes
"100,000  VND",also Da bridges,known as
Dragon Bridge,beauty,has
impressive  bridges,Da Nang,are
Dragon Bridge,famous Da Nang,considered as
Dragon Bridge,famous Nguyen Van Linh,is
Dragon Bridge,East Sea,shaped like
Dragon Bridge,5 East Sea,is
dragon,extremely day night,is yellow
Dragon dragon,fire East Saturdays,is
times  water,3  minutes,is
clearly Dragon you,Dragon Bridge,book
Dragon Bridge,rotating  Vietnam,is
so Dragon Bridge,also Da Nang,is
large  ships,3:30,rotates
Dragon Bridge,brightly  night,enjoy
Currently Dragon Bridge,well  tourists,rotates at
year International Firework Festival,Dragon Bridge,held at
This,themed Da Nang fireworks,is
Thi Ly Bridge,innovative Dragon design,received several
ideal  tourists,sunsets,looks like
Dragon Bridge,"1,850-meter suspension long",is
Dragon Bridge,Son Tra Peninsula,spanning from
Dragon Bridge,late Dragon nights,becomes at
Bridge,next Hung Dao Street,is
Bridge,famous love France,modeled after famous
Bridge,wide Han River,has
many  couples,eternal  love,is
time Admission Bridges,colorful LED lights,are magnificent
why Da Nang,bridges,understand
Museum,Dragon Bridge,located at
This,also Champa culture,is
Museum,original Cham sculptures,exhibits
mostly Cham some,terracotta,made of
good  it,sacred Champa Kingdom,is
"60,000  VND",Catholic Hoi An,is
Da Nang Cathedral,also Rooster Church,known as
colonial Rooster Church,soaring  lines,is
Han River,7.2 East km,is
large Han market,left Han River,located
residential  area,also Han neighborhood,known as
attractive  who,Da night,is
who,Asian  Son,visit
Son,km Da Nang,located in
place,also Cham monarchs,used
Remaining  temples,unique  Champa,display unique
traditional Cham dance,special  place,is
Now  Son,central tourist Vietnam,recognized as
many  that,place,are many
Son,ancient Hoi An,brings
that,when Da Nang,is
Son Tra Peninsula,3 East Sea,located
Son Tra Peninsula,rich Da nature,is
day  forest,4 million 4 people,reproduces enough
Son Tra Peninsula,red  book,is
impressive  destination,Da Nang,is
long  mountain,coastal Da Nang,pass
Hai Van Pass,beautiful pass Vietnam,is famous
Hai Van you,spectacular Da Nang City,see spectacular
once  road,death,was
fewer tourist it,fewer mountain vehicles,pass through
local Hai Van couples,happy wedding moments,is
Asian Park,western Han River,is
magic  that,modern entertainment works,consists of
Tickets,architectural Sun works,include unlimited
Opening,nature water lover,is
Asian Park,majestic  forest,covers
many  you,such  following,are many
where Hot Springs you,Da Nang,is
You,significant  discount,book
place,down  concept,is fun
10  7,such living room,lets
minimart,vintage  design,has
You,Down Da house,book
last  admission,"99,000 Entrance person",is at
City Con Market,C Supermarket Parkson mall,is
often Con Market,Da Nang,said
You,groceries,find
Nowadays  tourists,local City Con people,coming to
Lao Cham Cham Islands,famous Da Nang,is
peaceful  which,World Biosphere Reserve,is
Lao Cham Cham Islands,seafood,are ideal
Cham Islands,such East Sea,are
You,Cu Lao Cham,take
Thanh Tourist Area,km Da Nang,is
place,green  trees,covers
zipline,different sport tourists,offers many
Da Nang,same  name,has
same Linh Ung,sacred Son Tra Peninsula,pagodas with
Son Tra which,also Linh Ung Bai,is
tamarind another,peaceful  people,caught
place,sacred Da Nang people,is
Son Tra Peninsula,southwest Da Nang City,located on
famous Quang which,Vietnamese Quang Nam Province,miss
Loan Ancient Village,14 Da Nang,located in
making  which,royal Nguyen Dynasty,known for
Nam O Reef,northwest Nang City center,is
green  them,impressive  photographs,has large
where  locals,weekends,is
Ancient Town,when Da Nang attractions,is impossible
Hoi An,when Da Nang,is
many Da Nang it,colorful  lanterns,is
Ancient Town,cultural  1999,recognized by
When  sun,scenery  Hoi,goes
Ancient Town,colorful  lanterns,becomes
You,traditional basket Hoi,explore
"120,000  you",famous tourist Hoi,VND per
Da Nang,popular travel tourists,is
Hue,charming capital beauty,is
Traveling,2.5 Da hours,takes
You,one Da Nang,take
You,own Da Nang attractions,book
you,online Nang International Airport,book
you,cookies,agree to
which,domestic  honeymooners,Located in
when hill people,cooler  weather,comprised of
then  you,best  country,find scenic
then  this,gorgeous Da lakes,known for gorgeous
last  throne,last  throne,are
also Da which,1933,known for
when Dai summer temperatures,other  Vietnam,used
how  person,old,visit in
still  home,Bao Dai furniture,is
famous Da you,gushing Nang City center,is
small roller which,limpid  pools,enjoy
then  you,limpid  base,walk along
crossed  lovers,local Da Lat,steeped in local
little  Lake,local  couples,is
you,different vantage point,rent
enough  you,horse  Sighs,take
thanks Pagoda bell which,37  meters,is
that,Buddha,makes
great  Pagoda,lush  grounds,is
Da Lat,thanks Da Lat,made
then Dalat Flower which,300  display,head to
you,interest,is
you,then summer months,try
quirkiest Crazy attractions,real Da name,known by
Dang Viet who,Dang Viet Nga,is
different  you,well  bears,are
then  it,Vietnamese Da Lat,is
great  you,traditional Hoi An,is
which,several  buildings,find
You,fresh  produce,find
other flower that,local  wine,find pretty
This,local  textiles,is
manmade  that,main Da Lat,is
indigenous  you,sights,surrounded by lush
where peach you,calm  atmosphere,find graceful
also pedal you,also pedal Sighs,include
how  people,old,built in
traditional ticket windows,delightful steam show,are
around  one,four  order,take
Lieng Rewoa,ethnic Elephant language,has
you,just lipid water,is
also  you,easily  afternoon,are
Pagoda,traditional Mad Monk garden,known as
here art which,resident monk Vien Thuc,is
such  you,home art you,tour
you,guided Da Lat,opt
here  this,premium town,drop
100 Roofs Cafe,unique Da Lat,designed in
you,Middle Hobbit,find
this,cold  drink,wandered into
huge chicken that,entrance,named because
main  reason,bustling farming community,are several
traditional silk which,good  souvenirs,buy local
you,then Da Pagoda,consider
Da you,pretty Hoi An,located on
tea  plantations,season,is
Pongour Falls,scenic Da Lat,gush
scenic  mountains,largest  Vietnam,are
off  you,hike,be able
French  Quarter,prettiest Hoi An,is
French  Quarter,Hung Dao Road,see
Here  you,French colonial 1920s,take
also  that,same  style,check
Pongour Falls,10 Da meters,is
major  you,major  holidays,are
very  you,option,is
Pongour Falls,also Au Lac Temple,are
so  you,same  time,visit
Pagoda,newest Da Lat,is
also  this,prettiest,means
Phuong Hoang which,carved bronze Buddha,sits on
Mad Monk you,here cable top,is
actually theme that,Vietnamese  couples,is
green  which,perfect  picnic,set amidst lush
you,shaped pedal lakes,is
you,then Da Lat,looking for
Here  you,noodle street food dishes,find
much  everything,much  evening,is
sometimes  it,local  community,is
Da you,crisp  air,come
then Da Lat which,more gingerbread anything,head for
Da Lat Cathedral,French  old,built n
building,weekends,topped with
you,then Lam Dong Museum,head to
natural history which,indigenous taxidermy area,find
You,traditional  costumes,find
such  that,such  stone,signature
then  you,glorious Da Lat,miss
all  which,walls,set
just Dalat Train you,Hoi An,located
huge  that,high Da Lat,is
well grass altitude,"2,288  meters",filled with graceful
You,here  flora,are on
where visitor you,K’Ho hill tribes,is
that,away Da Lat,is
so  you,Hoi An,visit
1  Comment,ancient Hoi An,is
stunning Hoi that,East Vietnam Sea,is unlike
architecture,Chinese  region,is
Vibrant  colors,top Hoi An,enhance
home,18th Phun century,is
eight  generations,same Phun Hung,lived in
still tour guide,eighth  generation,is
home,family home Anh family details,Follow
Chinese  beam,Japanese trap architecture,see
you,better Central Market,is
each,different  vendor,packed with
stallholders,Vietnamese  favorite,serve
noodle  dish,greens,is fresh
One,busiest  Vietnam,is
sandy blue it,refreshing  swim,offers
coastal Hoi erosion,Bang Beach,is
That,coastal  spots,means
Countless  vendors,hungry palm day,lined
unusual Visiting that,residence,is
Tan home,Vietnamese  family,passed through
that,flooding,is
still Tan which,fascinating  way,reside in
One,popular Hot An,is
Also Cantonese Assembly Hall,next  Pagoda,sits
Cantonese Assembly Hall,19th  century,constructed by Cantonese
Cantonese Assembly Hall,Chinese gathering visitors,was
well  which,striking  pottery,admire
Visiting  Hoi,Hoi,filled with
tailor,popular Hoi An,is
Hoi An Hoi you,then  measurements,browse through countless
complete  you,perfect  fit,be able
full  tailoring,full  amount,be afraid
Phuc Kien,common Cantonese Assembly Hall,is
Phuc Kien,specific gathering China,served as
Later Cantonese Assembly Hall,religious  deity,transformed into
Visiting,main Cantonese Assembly room,means
Cantonese Assembly Hall,popular Fujian origin,is
Hoi one,most Da Lat,is
Central Market,Japanese Covered Bridge,located on
500  vendors,fresh  food,opens
paper which,beautifully  nightfall,is
colorful  you,home Da Lat,buy
Japanese Covered Bridge,visited Hoi An,is
Thanh Toan Bridge,17th Nguyen Thi Minh,built in
Japanese  quarter,Chinese Hoi neighborhoods,allowed
original  style,400  years,covered
practical Thanh Toan Bridge,ornate  animals,has
Hoi An,19th trading century,is
Chinese  roads,Chinese  style,built in
you,main  attractions,piped into
Highlights,Japanese Covered Bridge,Include
incredible folk music performances,day Handicraft Workshop,are several
Visiting Hoi,beautiful  Vietnam,is
Everyone,amazing  city,spend
you,comment policy,agree to
Required  fields,Comment Name Email,marked
next  I,next  time,Save
ornate Nguyen most,easily  foot,comprise
last Nguyen ruler,communist Ho Chi Hanoi,ruled by
cultural  Hue,tombs,is
violent  which,ancient Cultural Heritage Sites,managed
Hue Imperial City,cultural World Heritage 09:00,features
"150,000  which",Royal Antiquities,priced at
Hue Imperial City,Central Vietnam,is
Pagoda,breathtaking Perfume River,set atop
octagonal Thap Phuoc which,Emperor Thieu Tri,is
Buddhist Thich Quang who,Vietnamese  government,was
roofed  that,Hoi,is
Thanh Toan Bridge,17 Nhu Y length,built over
also Tran Thi who,ranking  court,’s
where Hue City you,traditional  villages,is
Mieu part,former Nguyen Dynasty,protected
dynastic Quan Cong that,1835,houses
guided temple tours,Hue,are available
Minh Mang Tomb,royal Perfume River,hailed as
Emperor Minh it,later Thieu Tri reign,started in
landscaped Minh Mang Tomb,40  palaces,houses
daily  entrance,"20,000 Minh Mang 12",priced at
Minh Mang Tomb,royal Hue Imperial City,is
fourth  complex,hillside Emperor Tu landscape,served as
50 Minh Mang Tomb,Nguyen Dynasty,offers
Minh Mang Tomb,15-minute Hue Imperial City,is 15-minute
Perfume River,80 Hue City Centre,spans
wilted  flowers,floral Perfume River scent,named
most,various price points,are numerous
Ma National Park,majestic sea waterfalls,stands at
verdant Annamite landscape,"80,000 Da Nang",is
rare  visitors,full  hiking,enjoy
Quan Cong Temple,important Nguyen Dynasty,is
standout attractions,late copper princess,include
Visitors,such incense offerings,enjoy
Quan Cong Temple,ancient Ngoc Ho Village,built
unique Ngoc Ho shrine,numerous Dong 1832,underwent numerous
unique  shrine,ancient  vases,houses several
when  visitors,colourful music costumes,held in
free  that,date,try
it,specific  surprises,'s
app,10  nights,Join
Asia Web Direct,registered Hotels.com L.P.,are
other  trademarks,respective  owners,are
here  tourists,pristine km beaches,enjoy
More Nha Trang tourist,More  that,is
well  it,beaches,are ample
that,just  it,enrich
it,most holiday destination,’s rich
then  we,top Nha Trang,put
Many  people,place,go to
So Nha you,So Nha Trang,have
things,Nha Trang attractions,go for
Trang Nha Trang,interesting Nha Trang,is
Nha Trang,modern Nha Trang,is
you,promised  convenience,help
Nha Trang,away cable sea,located on
Most  visitors,beautiful Nha Trang Bay,choose
places Nha Trang you,Nha Trang,completed with
Spring Tourist Center,km Nha North,located at
This,unique Nha Trang attractions,is
visitors,suitable  service,choose
hot springs centre,mountain greenery,set against
hot mineral springs help,dead skin body,believe
antiseptic  which,facial  skin,said
Hot Springs Centre,different price levels,offers
Hot Springs Centre,great Nha Trang,is
Hot Springs Centre,impressive Nha Trang travel,become
eighth Cham who,once Central Vietnam,is
who,based  script,had
Cham who,origin sculpture,are renowned
who,only temple Vietnam,left
Nagar Cham Towers,protruding support frames,are square
only  four,different  deity,were
Po Nagar Kalan,25  metres,is
historical animal sacrifices,Po Nagar honour,worshipped
Nagar Cham Towers,hot springs centre,situated on
Nagar Cham Towers,best holiday vacations,is
Quan Cong Temple,Truong Son Mountain,found near
Quan Cong Temple,unique Nha Trang,is
Quan Cong Temple,mythical  creatures,has beautiful
Mosaic  dragons,doorway,greet
you,great  town,have
Long Son Pagoda,Trai Thuy Mountain,situated on
white Buddha which,mountain town,is famous
Long Son Pagoda,Taoist Taoist gods,boasts beautiful
It,complete  It,is
white  visitors,Nha Trang,enjoy
where Nha mounds,shallow Doc Let Beach,is
salt,Khoi Salt Fields,are between
wicker each,10  kilograms,is
strenuous salt task,aged Khoi Salt women,carried
aged  women,conical  hats,wear conical
well Khoi Salt that,nearby  hill,are
protected  area,breathtaking  wonders,provides
You,coral  reefs,enjoy
you,most Nha Trang destinations,be
This,fun Nha Trang,is
scuba that,blue  waters,go
that,blue  waters,spend
other  you,Nha TrangNha Trang,provided with
that,when Nha Trang attractions,is
you,ever  city,seen
far  you,fun Nha Trang attractions,store
you,Mekong Delta,going to
you,where Mekong Delta,know
Ninh Binh,charming  people,is
when  ME,TRIP,go to
then Bang National Park,karst structures,is
one  that,Ke Bang beauties,is
visitors,Paradise Cave,coming to
wonders,human Nha Ke discovery,talks about
Phong Nha,Bang National Vietnam,belongs to
Ninh Binh,flowing  rivers,is
major karst parts,massive karst which,helped
Nha Ke Bang,beautiful Vietnam landscape,deserves
Bang National Park,beautiful limestone Vietnam,covers
forest,whole Bang National area,takes
Bang National Park,also limestone forest,created
researchers,20 Limestone Mountain length,discovered
Bang National Park,functional  areas,divided in
Nha Ke Bang,Park geography values,is
Nha Ke Bang,first Cham region,proved
military King Ham Nghi,Vietnamese US resistance people,was military
Chay which,underground  river,is
total  that,discoverers,visit
what,electric Bang National lights,has
so  feeling,Phong Nha Cave,make
name,sophisticated karst structures,describes
Phong Nha Cave,meters Chi Minh Highway,located on
Local  people,name  place,gave
high Phong Nha Cave,31  kilometers,spreads on
limestone formation,massive Phong Nha ceilings,is
Nuoc Nut Cave,recently  2015,become
white Nuoc Nut stalagmites,green  water,is
Visiting,absolutely nature lovers,is
humans,Va,is
main  draw,cent Nuoc Nut money,known to
Ho King,discovered Nuoc Nut peers,Discovered by
beauty,scale beauty,created for
total Nuoc Nut that,total Nuoc Nut length,announced as
hence Phong Nha Cave,hence Phong Nha result,’s touristy
Tour,boat cruises cave entrance,starts at
illuminated  caverns,illuminated  visitors,show
9th century Cham altars,steps Nuoc Nut mountainside,visit
Va Nuoc Nut Cave,flood,closed due
also  which,narrow Nuoc Nut waterway,hire
which,narrow  Va,get off
colorful  you,good  stalactites,illuminated by colorful
you,4 tramcar 6,is
Nuoc Nut Cave,Oxalis Adventure Tours,booking
Nuoc Nut Cave,available tour Va,is
trek,fitness  skills,requires
you,refund,removed from
Tour price,only  August,expected
impressive Bang National Park,great  kayaking,is
This,do nature Vietnam,is
nature,Hang Toi Dark Cave,remains untouched
hence Dark visitors,flashlight trip,have
Nuoc Nut Cave,Thuy Tien,is
doubt mud bathing,cave,is
You,long azure swimming tools,allowed
Chay River,beautiful Bang National Park,has
It,when Nha Ke Bang,be
so  we,Nuoc Nut safety,suggest
long Nha Trang you,Suoi Nuoc Moc,need
Nuoc Mooc that,earth,Stream
such Nuoc Mooc,green Nuoc Mooc water,remains
so  you,winter months,visit
guests,picture,made
site,also life jacket,is
Visiting,interesting Bang National locals,is
small  house,rural Duck countryside,has
here  you,peaceful  nature,enjoy
You,also  buffalo,try
ducks,actually  humans,trained
It,lovely  all,'s
where Chay River,nearest Dong Hoi City,is
Nhat Le,clear  water,offers
terrific Nhat Le who,photography,located
just  sand,moderate  inclination,has
away Jumping Stone,great city life,makes
blue Jumping Stone,where Khe Beach,offers wonderful
You,poplar mountain forest,enjoy many
You,other Chi Minh airplanes,get to
Vietnamairlines,straight Dong Hoi Tue,has straight
Prices,"1,5 million 1,5 VND",range from
It,you,take
Chi Minh you,book Vietjetair,From
higher  it,hours Da Nang,go higher
Hanoi Dong Hoi buses,"250,000VND  companies",cost
you,Bang National Park,Are
Why  us,made Nha Ke Bang,let
Vietnam,most Southeast beautiful,known as
where  traditions,harmony,take
old  capital,rich  culture,blessed with rich
Hoi An,poetic  river,is
beautiful Skull landscape,old Ninh times,was
Chi Minh City,paced life style,has
Islands Food,Travel News,Destinations
quick VIEW us,information,Send
quick  inquiry,booking,is FREE
"25,668",local  IT,contributed to local
Da Nang,attractive  Vietnam,is
cool Chi Minh City,next  trip,be
's,top Da Nang,Let
that,sandy  beaches,is
Many  people,outstanding Da beaches,travel to
Khe Beach,attractive Forbes planet,voted by
Herald Sun magazine,also Khe Beach,rated
Khe Beach,also Da Vietnam,is
Beach Khe Beach,far city center,is
area,especially Da summer,is
coconut trees,poetic  scenery,attracts
Beach Khe Beach,day,is charming
Khe Beach,such beach soccer,is
You,Khe Beach,choose
Khe Beach,public Da Nang,located at
where  tourists,swimming,is
cool Khe Beach,busy  lives,is
Bac Khe Beach,white  sand,occupies
Khe Beach,such Pullman Danang Beach,is
Beach Khe Beach,Marble Mountains,located near
Khe Beach,fresh  seafood,is
that,when Da Nang,is
tourist attraction,15 tourist attraction,located
Marble Mountains,5  mountains,consists of
here Thuy which,Marble Mountains,come
Ba Na you,beautiful Da Nang City,see
entertaining Hoa Vang which,km Da Nang City,is
"1,489 m sea climate","1,489 m sea level",is
18  you,four  day,is
Ba Na Hills,entertaining  ages,designed as
You,Ba Na Mountain,need
When Ba Na you,vast Ba Na gardens,get
One,giant Golden clouds,is
French Village,perfect photo lover,is
Here  you,overnight Ba Na Hills,stalls with
unforgettable  you,Europe,have unforgettable
ticket,free Bang National Park,includes
"100,000  VND",also Da bridges,known as
Dragon Bridge,beauty,has
impressive  bridges,Da Nang,are
Dragon Bridge,famous Da Nang,considered as
Dragon Bridge,famous Nguyen Van Linh,is
Dragon Bridge,East Sea,shaped like
Dragon Bridge,5 East Sea,is
dragon,extremely day night,is yellow
Dragon dragon,fire East Saturdays,is
times  water,3  minutes,is
clearly Dragon you,Dragon Bridge,book
Dragon Bridge,rotating  Vietnam,is
so Dragon Bridge,also Da Nang,is
large  ships,3:30,rotates
Dragon Bridge,brightly  night,enjoy
Currently Dragon Bridge,well  tourists,rotates at
year International Firework Festival,Dragon Bridge,held at
This,themed Da Nang fireworks,is
Thi Ly Bridge,innovative Dragon design,received several
ideal  tourists,sunsets,looks like
Dragon Bridge,"1,850-meter suspension long",is
Dragon Bridge,Son Tra Peninsula,spanning from
Dragon Bridge,late Dragon nights,becomes at
Bridge,next Dragon Bridge,is
Bridge,famous love France,modeled after famous
Bridge,wide Han River,has
many  couples,eternal  love,is
time Admission Bridges,colorful LED lights,are magnificent
why Da Nang,bridges,understand
Museum,Dragon Bridge,located at
This,also Champa culture,is
Museum,original Cham sculptures,exhibits
mostly Cham some,terracotta,made of
good  it,sacred Champa Kingdom,is
"60,000  VND",Catholic Chi Minh City,is
Da Nang Cathedral,also Rooster Church,known as
colonial Rooster Church,soaring  lines,is
Han River,7.2 East km,is
large Han market,left Han River,located
residential  area,also Han neighborhood,known as
attractive  who,Da night,is
you,famous Chi Minh City,miss
who,Asian  Son,visit
Son,km Da Nang,located in
place,also Cham monarchs,used
Remaining  temples,unique  Champa,display unique
traditional Cham dance,special  place,is
Now  Son,central tourist Vietnam,recognized as
many  that,place,are many
Son,ancient Hoi An,brings
that,when Da Nang,is
Son Tra Peninsula,3 East Sea,located
Son Tra Peninsula,rich Da nature,is
day  forest,4 million 4 people,reproduces enough
Son Tra Peninsula,red  book,is
impressive  destination,Da Nang,is
long  mountain,coastal Da Nang,pass
Hai Van Pass,beautiful pass Vietnam,is famous
Hai Van you,spectacular Da Nang City,see spectacular
once  road,death,was
fewer tourist it,fewer mountain vehicles,pass through
local Hai Van couples,happy wedding moments,is
Asian Park,western Han River,is
magic  that,modern entertainment works,consists of
Tickets,architectural Sun works,include unlimited
Opening,nature water lover,is
Asian Park,majestic  forest,covers
many  you,such  following,are many
where Hot Springs you,Da Nang,is
You,significant  discount,book
place,down  concept,is fun
10  7,such living room,lets
minimart,vintage  design,has
You,Down Da house,book
last  admission,"99,000 Entrance person",is at
City Con Market,C Supermarket Parkson mall,is
often Con Market,Da Nang,said
You,groceries,find
Nowadays  tourists,local City Con people,coming to
Lao Cham Cham Islands,famous Da Nang,is
peaceful  which,World Biosphere Reserve,is
Lao Cham Cham Islands,seafood,are ideal
Cham Islands,such East Sea,are
You,Cu Lao Cham,take
Thanh Tourist Area,km Da Nang,is
place,green  trees,covers
zipline,different sport tourists,offers many
Da Nang,same  name,has
same Linh Ung,sacred Son Tra Peninsula,pagodas with
Son Tra which,also Linh Ung Bai,is
tamarind another,peaceful  people,caught
place,sacred Da Nang people,is
Son Tra Peninsula,southwest Da Nang City,located on
famous Quang which,Vietnamese Quang Nam Province,miss
Loan Ancient Village,14 Da Nang,located in
making  which,royal Nguyen Dynasty,known for
Nam O Reef,northwest Nang City center,is
green  them,impressive  photographs,has large
where  locals,weekends,is
Ancient Town,when Da Nang attractions,is impossible
Hoi An,when Da Nang,is
many Da Nang it,colorful  lanterns,is
Ancient Town,cultural  1999,recognized by
When  sun,scenery  Hoi,goes
Ancient Town,colorful  lanterns,becomes
You,traditional basket Hoi,explore
"120,000  you",famous tourist Hoi,VND per
Da Nang,popular travel tourists,is
Hue,charming capital beauty,is
Traveling,2.5 Da hours,takes
You,one Da Nang,take
You,own Da Nang attractions,book
you,online Nang International Airport,book
you,cookies,agree to
Learn,TRIP,HELP
you,large  sites,is
all  the,9 Mekong days,have
Tho,two  Saigon,is
so Mekong Delta,Hue city,’s perfect
Da boat,Dragon Con Tan Long,take
local fruit orchards,local  tea,is local
where candy candies,coconut  milk,visit
Lunch,also sampan it,included in
only Mekong tourist,dish,is
mass  consumption,local Coconut government,prohibited by local
still  you,still  dish,try
dish,salty fish sauce,is raw
raw coconut worms,just fish that,dipped in salty
Duong Duong,dissolving egg yolk,taste
famous Hu which,popular noodle Vietnam,is
broth,boiling ground pork,made from
toppings,fried pig onions,are
also Dien Dien flowers,Mekong Delta,'s
familiar Mekong Delta,many  soup,appears on
flower buds,pleasant  fragrance,have light
Bong Dien Dien,often fish taste,used in
flowers,mostly  locals,grown by
you,wet  market,find
This,back Mekong Delta,is
abroad Pia Cake,sweet  taste,conquered
you,first Pia time,is creamy
highlighted Mekong Delta that,trip,completed
you,large  sites,is
travel consultant help,Mekong asianwaytravel.com,let
We,9 Delta land days,but
also  Mekong,offshore island Con Dao,cruises for
Vietnam,most Southeast beautiful,known as
where  traditions,harmony,take
old  capital,far Da Nang,blessed with rich
Hoi An,poetic Ancient river,is
Ninh Binh,how Ninh Bi,’s
Hue,old Vietnam times,shines with
Chi Minh City,paced life style,has
Islands Food,Travel News,Drink
quick  us,information,Send
quick  inquiry,booking,is FREE
"25,668",local  IT,contributed to local
famous tourist which,white Ne Phan sand,is
mistakenly Mui Ne,beautiful  places,think
top Mui you,best Ne Phan Thiet,help
beautiful Mui that,beach sports,find several
dreamy  place,beautiful  places,has countless
ideal  you,such Chi Minh City,is
surrounding Mui areas,Mui Ne,listed
Ne Sand Dunes,when Mui Ne,is
flying sand hills shape,continuously  hours,known as
day  shape,sand morning,is
beautiful Ne Sand Dunes,spectacular  scenery,have
Red Sand that,many Binh Thuan,stretch for many
dreamy  place,Middle East,is
sand you,"10,000 sand VND",rent
best  time,early sand heat,is in
motorbike,Hon Rom area,parked at
Red Sand Dunes,local bus routes,reached by
Ne Fishing Village,100 Mui Ne meters,stretches along
where  you,fresh  seafood,is
Ne Fishing you,colorful fishing sea,witness
you,right seafood trading spot,witness
Catching,Ne Fishing Village,is
Thuc Khang Street,next Mui Ne ward,is
only knee you,next Mui Ne ward,is
you,fairy tale place,creates
loving  travelers,extraordinary Mui Ne,is
Bai Rang Beach,beautiful Mui Ne,regarded as
ideal  who,relaxing  atmosphere,is
best  way,spectacular Bai Rang view,staying at
rated  resorts,Bai Rang Beach,are
Hon Rom,picturesque  mountain,are wrong
Bai Rang Beach,clear  water,has clear
dreamy  place,strangely  sea,attracts
just  scenery,full moon nights,spend
Many  people,here campfire picnics,organize
dreamy  place,natural  scenery,has many
unique Mui you,unique Mui Ne,is
Bau Trang,sandy  area,known as
so  you,freshwater White Sand Hills,is
large  lake,small Bau Ba,have
rich  flora,different Bau name,call
lotus you,small lotus lake,rent
Poshanu Cham Tower,northeast Phan Thiet center,located on
Poshanu Cham Tower,Princess PoshaInu,is
Princess who,wet  animals,loved by
year Kate festival,special Cham calendar,takes
"10,000 Duc Thanh School",patriotic Mekong Delta Vietnam,is
Duc Thanh School,also Ho Chi life,is
Duc Thanh School,tranquil  scenery,is
18:00 Ba Vang Temple,oldest Binh Thuan,is
Ba Vang Temple,Nam Hai god,is
spiral 64 which,oldest  region,is
special  feature,unique Ga Lighthouse stone,is
Ke Ga you,cool ocean winds,see
Phan Thiet you,30 Thuan Nam district,take
Cu Lao Cau,away Binh ThuanBinh Thuan,is
Ná  you,island,take
1  price,round  trip,takes
island,coral Mui Ne,is
Hon Ghenh Island,km Mui coast,is
first Hon Ghenh,giant sea turtle shore,looks like
island,simply  nature,is
Hon you,"300,000  boat",need
ride,10  minutes,takes
European style which,European style architecture,is
RD Wine Castle,wines,is
When RD Wine you,underground wine wines,visit
you,nearby Links golf course,try
"100,000 Entrance VND",way Mui Ne,located on
interesting  tourists,photos,is
Chua Chan Mountain,interesting Ne Phan Thiet,is
Chua Chan Mountain,Southern sea region,is
Chua Chan Mountain,majestic sea scenery,is famous
island,far Phan Thiet City,is
many  who,tranquil  beauty,is
just Phu Quy,pristine  condition,’s
island,such Linh Quang Pagoda,contains many
sea,time,is from
there  you,Phan Thiet City,take
"350,000  trip",2  island,cost
Chua Chan Mountain,highest Binh Thuan,is
Chua Chan Mountain,tourist forests,is
dreamy  place,important pilgrimage Buddhists,is
cultural Truong Tho which,800 m sea level,visit
800 m sea you,vast Ta Cu nature,choose
Phu Quoc,hottest beach lovers,is
Phu Quoc,island,known as
it,top Phu Quoc,check
Quoc Phu Quoc,outdoor water performances,is
attraction,children,is suitable
hundreds,many  areas,see
Quoc Water Park,underwater  ages,is
Indoor play area,virtual world games,has many
Outdoor games You,unlimited  games,enjoy unlimited
Indoor play area,Flying Land Phu saucer,has many
performance you,black  seal,have
Ticket Vinpearl Safari,rare zoo animals,is
Ticket Vinpearl Safari,main  subdivisions,divided into
Quoc Phu Quoc,ideal  children,is
Safari visitors,rare souvenir animals,experience many
Ticket Vinpearl Safari,research tourist environment,opened
when  you,Thom Cable Car,be full
Thom Cable Car,short Thom Nature Park,is
Thom Cable Car,"7,899 sea cable meters",is
Thom Cable Car,island,connecting
you,blue south island,admire
Thoi Town,leading adventure manufacturers,is
You,stunning Thom Cable things,check
Going,surrounding Phu islands,be
island,south Phu Quoc,located
few Phu that,pristine  scenery,is
You,shady coconut trees,take
where May Rut you,clear  ocean,is
You,surrounding Islands Day Tour,explore
white sand beach,Cua Can,located on
white sand beach,unspoiled  world,voted as
Bai Dai Mountain,white sand beach,Surrounding
which,entire sand beach guests,taken
white sand staying,Long Beach resort,consider
This,Mediterranean design style,is
This,oldest Phu Quoc,is
short Sao you,short Sao hotel,includes
Phu Quoc,luxurious hotel facilities,offering
VinOasis,right hotel premises,boasts
dreamy Vinpearl place,dreamy place guests,take
white sand beach,20 southwest Phu km,located in
white sand beach,clear  water,attracts
white sand beach,especially tourist sea,is
famous Sanato Beach Club,white sand beach,located on
biggest music festival,Phu place,is
Spa Salinda Resort Phu Island,south Phu Quoc,located
white sand beach,always white sand beach,mentioned as
white sand beach,quiet mountain space,located between
thousands,white sand beach,covered with
top tourist who,private  holidays,is
white sand beach,also  hiking,is
Nam House which,short white sand beach,stay at
Phu Quoc,white Phu sand,known for
complete  guide,here Phu Quoc,found
Phu Quoc,also Duong Dong island,is
where  you,late Phu night,is
Phu Quoc,especially  weekends,operates from
so pearl farms,unique Phu Quoc,became
final quality pearl showroom,pearl products,be able
You,affordable  prices,have
Quoc National Park,km Duong Dong Town,located in
Quoc National Park,natural conservation island,covers
Quoc National Park,natural Phu beauty,attracts
flora,140 fauna wildlife,is
white sand you,white sand beach,be aware
you,time,hire
Phu Quoc Ridgeback,Kien Giang Province,is
typical  features,shaped Phu Quoc Ridgeback,are long
you,Phu Quoc,go to
you,rare Phu Quoc dogs,see many
Dinh Cau,next Dong Fishing Harbor,considered
Dinh Cau,good fishing season,is
where lighthouse you,sea,is
Phu Quoc Prison,km Duong Dong market,located in
Phu Quoc Prison,two resistance wars,built during
national  heroes,Vietnam,is full
You,once  Vietnam,come
Ganh Dau Cape,Phu Quoc,is
where  you,Cambodian  distance,located at
Ganh Dau Cape,natural  beauty,attracts
scenery,especially Ganh Dau sunset,is impressive
This,great  seafood,is
Suoi Tranh Waterfall,southeast Duong Dong Town,is
peaceful  stream,dense tier forest,originates from
peaceful  you,mysterious 300 nature,follow
This,interesting camping trips,is
Ninh Fishing Village,famous fishing island,known as
Ninh Fishing Village,gorgeous Ninh Fishing Village,located on
When Ninh Fishing you,fresh fishing village people,enjoy
Ninh Fishing Village,ideal Ninh Fishing sunrise,is
Ninh Fishing Village,km Duong Dong Town,is
Ninh Fishing Village,mainly fishing fishing,is
When Ninh Fishing you,fishermen,taken to
where fishing you,right fish feet,takes
where sand you,white sand beach,is
Ho Quoc Pagoda,largest Phu Quoc,is
Ho Quoc Pagoda,entirely iron columns,built in
Ho Quoc Pagoda,Quan Am statue,features
largest  temple,Phu Quoc,located
largest  temple,beautiful ocean views,offers
Phu Quoc,pepper,dubbed as
dreamy  place,best quality pepper,is
dreamy  place,green pepper gardens,be
growing  areas,Phu Quoc,are
pepper you,gifts,learn about
Sim Wine,many Rose Myrtle island,is
This,local Rose Myrtle tree,is
recipe,central minority highlands,originated from various
Most Sim locals,seafood,drink
you,wine,have
You,few  family,grab few
You,local Phu Quoc,immerse
You,white sand beach,have
nightlife,very party Vietnam,is unique
Phu Quoc,main  night,is
you,cool Phu Quoc beaches,find
Useful  guide,Where Phu Quoc,found
so Con Dao,getaway,is ideal
one  you,one  step,make
beautiful  I,salty sea hair,welcomed with
I,vast Con Dao,was quiet
This,best Con Dao islands,is
geographical Con Dao,southeast Chi Minh City,is
square Con Dao,16  islands,has
how  people,anxiety,was emblematic
lives,still  death,is
blue Con Dao,blue  grief,changing
Apparently mother nature,numerous  world,gave
why Con Dao,charming  planet,understand
blue  visiting,good Con you,is
unique  that,other,wander around
gorgeous  visitors,when  island,is
only  tourists,comfortable  swimming,enjoy comfortable
you,little  history,get
Bai Suoi Nong,Dam Trau,located near
there  tourists,forest,required
lush  anyone,time,is
white sand beach,great Duc Thang camping,located along
it,others,are suitable
white sand beach,majestic  mountains,surrounded by many
white sand beach,majestic  mountains,surrounded by many
attractive Bai Dat Doc,bushy  woodland,brings
quite  you,over  days,are
captivating Con Dao,following must visit destinations,is
Museum,painful  war,is
gallery,four  topics,divided into
female Vo Thi who,female Vo Thi Sau,saved
113 fighting Vietnam,113 fighting that,see
Formally Phu Quoc Prison,oldest  French,classified as
haunting  prisoners,haunting  memories,held
good Phu people,evil  others,become
where  they,receptive  another,radiates throughout
dreamy  place,reason,is
Formally Phu Quoc Prison,oldest Frenchthe French,classified as
forest  life,only  country,is
floral Con Dao system,150 Dao National animals,is
Dao National you,recreational  fishing,allow
vital  trip,vital  order,plays
you,ideal Con Dao,is
white sand beach,swimming,is calm
still Con you,Con Dao,last
this,eggs,see
you,great diving/ snorkeling weather,join
beaches,big Phu time,have big
Nevertheless  beach,island,be calmer
You,also Phu February,visit
instead  you,instead  boat,choose
It,hours Con Dao,take
boat,next Vung morning,leave at
Vung boat,also Vung beds,have
it,also  board,equipped with
However  canteen,12  AM,closed at
Con you,board,buy
5  PM,5 AM holidays,rise during
boat,only Con Dao,is
However Vietnam Airline,now Con HCMC,offer
It,50 Con Dao Airport,takes
route,Vietnam Airlines,operated by
3.5 million 3.5 which,round  trip,is
still Con that,5  PM,take
It,6  PM,arrives
national  it,days  advance,is better
Here  some,kilometers sand beachPhone number,are
Now Con Dao,fresh seafood dishes,has many
You,"90,000 VND/ dish",save
so Con Dao,getaway,is ideal
one  you,one  step,make
Complete Guide,fun Best Vietnam,Enjoyed
you,sandflies,have
