,source,target,type
0,Russian Aircraft Corporation MiG,Soviet Union,operator
1,Atlantic Ocean,Phú Quốc,located on terrain feature
2,Côn Đảo,Phú Quốc,located on terrain feature
3,Phu Bai International Airport,Vietnam,country
4,Vietnamese đồng,Nguyễn dynasty,owned by
5,Hang Sơn Đoòng,Phong Nha-Kẻ Bàng National Park,location
6,South African Press Association,Lotus Cars,said to be the same as
7,Sea level,Mekong Delta,located in the administrative territorial entity
8,Côn Đảo,Phạm Văn Đồng,located in the administrative territorial entity
9,Mekong Delta,Middle East,has part
10,Tuy Phong District,Bình Thuận Province,located in the administrative territorial entity
11,Hà Giang Province,Vietnam,country
12,French colonial empire,French Algeria,follows
13,Mekong Delta,Ho Chi Minh City,contains administrative territorial entity
14,Ngọc Sơn (singer),Trần dynasty,sibling
15,Vietnam,Côn Đảo,country
16,Trang Airport,Thailand,contains administrative territorial entity
17,French Indochina,Da Lat,location
18,Da Nang,Nguyễn dynasty,country
19,Jayavarman II,Central Highlands (Vietnam),located on terrain feature
20,Vietnam,Mainland Southeast Asia,located on terrain feature
21,Côn Đảo,Côn Đảo Prison,followed by
22,Marble Mountains (Vietnam),Sơn Trà District,located on terrain feature
23,Montenegro,Nha Trang,residence
24,Vietnam,Mekong Delta,contains administrative territorial entity
25,Vietnam,Japan,has part
26,Bà Rịa,Ho Chi Minh City,located on terrain feature
27,Sơn Trà District,Ung County,located on terrain feature
28,Mekong Delta,Central Highlands (Vietnam),contains administrative territorial entity
29,Tràng An Scenic Landscape Complex,Trang Province,located in the administrative territorial entity
30,Dragon Bridge (Da Nang),Da Nang,crosses
31,Vietnam,"Temple of Literature, Hanoi",country
32,Da Lat,French Indochina,location
33,Southeast Asia,Vietnam,country
34,Nguyễn dynasty,French Indochina,country
35,Bau (island),Trang Province,said to be the same as
36,Ho Chi Minh,Ho Chi Minh Highway,crosses
37,Da Nang,Sơn Trà District,located in the administrative territorial entity
38,Ancient Greece,Vietnam,country of origin
39,Alaska,Côn Đảo,located in the administrative territorial entity
40,Hội An,Japan,language of work or name
41,Jayavarman II,Delta 4,has part
42,Vietnam,Mũi Né,country
43,Mount Fuji,Theres,part of
44,Thích Quảng Đức,Buddhism,religion
45,Sunday Herald,Herald Sun,publisher
46,Hà Giang Province,Hoàng Su Phì District,located in the administrative territorial entity
47,Singapore,Nepal,has part
48,Kiên Giang Province,Phú Quốc,located in the administrative territorial entity
49,Caribbean,Hạ Long Bay,located on terrain feature
50,Thailand,Trang Airport,contains administrative territorial entity
51,Atlantic Ocean,Côn Đảo,followed by
52,Vietnam,Southeast Asia,located on terrain feature
53,Nguyễn dynasty,Huế,location
54,Quan Cong,Gautama Buddha,location
55,Mekong Delta,Malaysia,location
56,Thailand,Vietnam,country
57,French colonial empire,France,part of
58,Vietnamese đồng,Atlantic Ocean,followed by
59,Nguyễn dynasty,Taoism,residence
60,Mongol Empire,Trần Hưng Đạo,military branch
61,Huế,Minh Mạng,work location
62,Vietnamese đồng,China,followed by
63,Philippines,Hạ Long Bay,located in the administrative territorial entity
64,Singapore,South Korea,part of
65,Đồng Hới,Da Nang,followed by
66,Alaska,Pacific Ocean,located on terrain feature
67,Ho Chi Minh City,Taoism,has part
68,Hải Vân Pass,Da Nang,located in the administrative territorial entity
69,Vietnam,Indonesia,has part
70,Dương Văn Minh,Nguyễn Khánh,father
71,Mũi Né,Mount Lao,located on terrain feature
72,Phong Nha-Kẻ Bàng National Park,Hang Sơn Đoòng,has part
73,Lai Châu Province,Sa Pa,contains administrative territorial entity
74,Shang dynasty,Mediterranean Sea,located in or next to body of water
75,Nguyễn dynasty,Hanoi,headquarters location
76,Japan,Hội An,crosses
77,Nguyễn dynasty,Ho Chi Minh,country of citizenship
78,Hạ Long Bay,Cát Bà Island,located on terrain feature
79,France,French Indochina,follows
80,Côn Đảo,Taoism,sibling
81,Mediterranean Sea,Mekong Delta,located in or next to body of water
82,Da Lat,French Quarter,location
83,France,Buddhism,part of
84,Shang dynasty,Champa,part of
85,Taoism,French Quarter,location
86,Thailand,Nepal,part of
87,Huế,Pagoda of the Celestial Lady,location
88,Côn Đảo,Taoism,part of
89,Nguyễn dynasty,"Ann, Myanmar",residence
90,Nha Trang,North Vietnam,country
91,Mũi Né,Phan Thiết,contains administrative territorial entity
92,Long Sơn Pagoda,Taoism,movement
93,Mekong Delta,Jayavarman II,has part
94,Da Nang,InterContinental Hotels Group,headquarters location
95,Thuận Phước Bridge,Vietnam,country
96,Mainland China,Atlantic Ocean,followed by
97,Village,Town,instance of
98,Ho Chi Minh,Hanoi,headquarters location
99,Ho Chi Minh City,Vũng Tàu,contains administrative territorial entity
100,Bình Thuận Province,Ninh Thuận Province,contains administrative territorial entity
101,Vietnam,BBC News,main subject
102,French colonial empire,French Indochina,follows
103,Ho Chi Minh City,Mekong Delta,has part
104,Côn Đảo Prison,Vietnam,country
105,Southeast Asia,South China Sea,located on terrain feature
106,Sea level,Mediterranean Sea,located in or next to body of water
107,Nui (atoll),Vietnamese đồng,part of
108,Bà Rịa,Vietnam,country
109,Nguyễn dynasty,Phạm Văn Đồng,residence
110,Da Nang,Dragon Bridge (Da Nang),location
111,Hạ Long Bay,Cát Bà Island,located in or next to body of water
112,Nguyễn dynasty,United States dollar,residence
113,Mekong Delta,Ho Chi Minh City,located in or next to body of water
114,Sa Pa,Fansipan,location
115,Hạ Long Bay,Philippines,has part
116,Hoàn Kiếm Lake,Vietnam,located on terrain feature
117,Vietnam,Middle East,country of origin
118,Karst Plateau,Dong Van Karst Plateau Geopark,instance of
119,Buddhism,Da Lat,part of
120,Hội An,Sun,located on terrain feature
121,Trang Airport,Vinh,located in the administrative territorial entity
122,Lào Cai,Vietnam,country
123,United States dollar,Côn Đảo,followed by
124,Dương Văn Minh,Ho Chi Minh Highway,crosses
125,Sơn Trà District,Vietnam,country of origin
126,Lai Châu Province,Điện Biên Province,located in the administrative territorial entity
127,Hanoi,Ho Chi Minh,headquarters location
128,Chàm Islands,Da Nang,located in the administrative territorial entity
129,Atlantic Ocean,Hawaiian Islands,located on terrain feature
130,Buddhism,Zen,religion
131,Nguyễn Hoàng,Da Lat,residence
132,Philippines,Tan Long,located on terrain feature
133,Da Nang,Mỹ Sơn,location
134,Nguyễn dynasty,South China Sea,located in or next to body of water
135,Mỹ Sơn,Southeast Asia,part of
136,Sea level,Mekong Delta,located on terrain feature
137,Bà Rịa,Vũng Tàu,located in the administrative territorial entity
138,Vietnamese đồng,Huế,location
139,BBC News,Mekong Delta,located in or next to body of water
140,Da Lat,French colonial empire,language of work or name
141,French colonial empire,Da Lat,language of work or name
142,Phan Thiết,Mũi Né,location
143,Điện Biên Province,Lai Châu Province,located in the administrative territorial entity
144,Middle East,Mekong Delta,located in or next to body of water
145,The Sun (United Kingdom),Sunday Herald,owned by
146,Champa,Shang dynasty,part of
147,Matthew Chau,Nature (journal),part of
148,Shang dynasty,Sơn Trà District,country of origin
149,Philippines,Hanoi,headquarters location
150,InterContinental Danang Sun Peninsula Resort,Da Nang,located in the administrative territorial entity
151,Trang Province,Bau (island),said to be the same as
152,Mekong Delta,Ho Chi Minh City,located on terrain feature
153,Phú Quốc,Phú Quốc National Park,located on terrain feature
154,Hàm Nghi,Ho Chi Minh trail,architect
155,Nha Trang,Trang Airport,located in the administrative territorial entity
156,Trần dynasty,Mongol Empire,military branch
157,Ho Chi Minh,Highway,crosses
158,French colonial empire,Da Nang,located in the administrative territorial entity
159,Mù Cang Chải District,Hà Giang Province,located in the administrative territorial entity
160,Trần dynasty,Ngọc Sơn (singer),sibling
161,Ho Chi Minh City,Cần Thơ,located in the administrative territorial entity
162,Gautama Buddha,Shang dynasty,part of
163,Falkland Islands,UNESCO,operator
164,Alaska,Mekong Delta,part of
165,Montenegro,North Vietnam,country
166,People's Liberation Army Navy,Hà Giang,part of
167,BBC News,Mekong Delta,has part
168,Cát Bà National Park,Caribbean,location
169,The Sun (United Kingdom),Herald Sun,publisher
170,Vietnam,Vietnamese đồng,country
171,Da Lat,Japan,crosses
172,Sơn Trà District,Hòa Vang District,contains administrative territorial entity
173,Nguyễn Khánh,Minh Mạng,spouse
174,Nha Trang,South Central Coast,located on terrain feature
175,Tây Hồ District,West Lake,located in or next to body of water
176,China,United States dollar,instance of
177,Vinh,Khánh Hòa Province,located in the administrative territorial entity
178,Alaska,Mekong Delta,located on terrain feature
179,Buddhism,Pagoda of the Celestial Lady,religion
180,Côn Đảo,Mekong Delta,located on terrain feature
181,Taoism,Trần dynasty,sibling
182,Lotus Cars,South African Press Association,said to be the same as
183,Minh Mạng,Nguyễn Khánh,spouse
184,Thái Nguyên,Thailand,contains administrative territorial entity
185,Nha Trang,Khánh Hòa Province,contains administrative territorial entity
186,French colonial empire,France,language of work or name
187,French Algeria,French colonial empire,followed by
188,Nguyễn dynasty,Da Nang,contains administrative territorial entity
189,Thích Quảng Đức,Pagoda of the Celestial Lady,residence
190,Caribbean,Cát Bà Island,location
191,Vietnam,Phong Nha,country
192,Taoism,Quan Cong,movement
193,Phạm Văn Đồng,United States dollar,instance of
194,Côn Đảo,Taoism,located in the administrative territorial entity
195,Taoism,"Van, Turkey",instance of
196,Bay Meadows Racetrack,Scottish Highlands,located on terrain feature
197,Middle East,Malaysia,main subject
198,Nguyễn dynasty,Hội An,country
199,Vietnamese đồng,United States dollar,followed by
200,Trang Province,Sandhills (Nebraska),contains administrative territorial entity
201,Vietnam,South China Sea,located in or next to body of water
202,Istanbul Tram,Vingroup,location
203,Nha Trang,China,located on terrain feature
204,"Ann, Myanmar",Vietnamese đồng,said to be the same as
205,France,Hỏa Lò Prison,operator
206,Ancient Greece,Japan,language of work or name
207,Côn Đảo,United States dollar,located in the administrative territorial entity
208,Nguyễn dynasty,Hanoi,contains administrative territorial entity
209,Vietnam,Nha Trang,country
210,Vietnam,Phú Quốc,country
211,Dragon Bridge (Da Nang),Da Nang,located in the administrative territorial entity
212,Twin Mountains,Sea level,located on terrain feature
213,Taoism,Mekong Delta,located on terrain feature
214,Vietnam,Instagram,country
215,South Korea,Thailand,part of
216,Côn Đảo,"Ann, Myanmar",located on terrain feature
217,Tibet,Chàm Islands,located on terrain feature
218,Scottish Highlands,BBC News,has part
219,Stow cum Quy,Town,instance of
220,Vietnam,Phong Nha Cave,country
221,Gautama Buddha,Vietnam,country
222,Huế,Perfume River,mouth of the watercourse
223,China,South Korea,has part
224,Vietnam,Mekong Delta,located in or next to body of water
225,United States dollar,Vietnamese đồng,instance of
226,Mekong Delta,Taoism,has part
227,"Ann, Myanmar",Côn Đảo,located on terrain feature
228,Zen,Buddhism,religion
229,Côn Đảo,Mainland China,followed by
230,South Vietnam,Buddhism,religion
231,Jayavarman II,Bay Meadows Racetrack,located in or next to body of water
232,Huế,Minh Mạng,residence
233,Taoism,"Ann, Myanmar",has part
234,Mainland China,Taoism,instance of
235,Fansipan,Sa Pa,location
236,French colonial empire,Ho Chi Minh trail,part of
237,Nguyễn dynasty,France,owned by
238,United States dollar,Atlantic Ocean,followed by
239,Laos,Lào Cai,contains administrative territorial entity
240,Johann Sebastian Bach,Sea level,mountain range
241,Hạ Long Bay,Sun,part of
242,BBC News,Bay Meadows Racetrack,located in or next to body of water
243,Mekong Delta,Sea level,located in or next to body of water
244,South China Sea,Vietnamese đồng,part of
245,Taoism,Mongol Empire,military branch
246,Ho Chi Minh City,Côn Đảo,located on terrain feature
247,"Gours, Gironde","Edam, Netherlands",location
248,Perfume River,Pagoda of the Celestial Lady,located on terrain feature
249,Phạm Văn Đồng,Da Nang,located in the administrative territorial entity
250,Côn Đảo,Bà Rịa,located on terrain feature
251,Cát Bà Island,Hạ Long Bay,located on terrain feature
252,United States dollar,Phạm Văn Đồng,located in the administrative territorial entity
253,Taoism,Phạm Văn Đồng,located in the administrative territorial entity
254,"Ann, Myanmar",Nguyễn dynasty,spouse
255,Hạ Long Bay,Sun,located on terrain feature
256,Âu Lạc,Australia,tributary
257,Sea level,Highway,crosses
258,Phạm Văn Đồng,"Ann, Myanmar",located in the administrative territorial entity
259,Phong Nha-Kẻ Bàng National Park,Vietnam,country
260,Vietnam,Vũng Tàu,contains administrative territorial entity
261,North Island,Phú Quốc,located on terrain feature
262,Ho Chi Minh City,Alaska,instance of
263,BBC News,Delta 4,has part
264,Vietnam,Phong Nha,country of origin
265,Trang Province,Tràng An Scenic Landscape Complex,contains administrative territorial entity
266,Côn Đảo,Taoism,followed by
267,Hoàn Kiếm Lake,Hoàn Kiếm District,located in or next to body of water
268,French Quarter,Da Lat,location
269,Mongol Empire,Taoism,military branch
270,Hội An,Da Nang,located in the administrative territorial entity
271,Da Nang,Mỹ Sơn,residence
272,Mekong Delta,Scottish Highlands,part of
273,Mekong Delta,Côn Đảo,located on terrain feature
274,Taoism,BBC News,has part
275,Japan,Nepal,has part
276,Phạm Văn Đồng,United States dollar,located in the administrative territorial entity
277,Sea level,Mediterranean Sea,located on terrain feature
278,South China Sea,Nguyễn dynasty,located in or next to body of water
279,Phú Quốc,Dương Đông,contains administrative territorial entity
280,Japan,Hội An,location
281,France,Vietnam,country
282,Nepal,Indonesia,has part
283,Sun,Ancient Greece,part of
284,United States dollar,Taoism,follows
285,Han River (Korea),Nguyễn Văn Linh,residence
286,South China Sea,Mũi Né,located in or next to body of water
287,Da Nang,Ngũ Hành Sơn District,located in the administrative territorial entity
288,InterContinental Hotels Group,Da Nang,location
289,Da Nang,Vietnamese đồng,located in the administrative territorial entity
290,Cúc Phương National Park,Hanoi,location
291,Hawaiian Islands,Côn Đảo,located on terrain feature
292,Nguyễn dynasty,Nguyễn Văn Linh,residence
293,Kalan Rural District,Po Nagar,location
294,Cần Thơ,Ho Chi Minh City,located in the administrative territorial entity
295,Da Nang,Ngũ Hành Sơn District,contains administrative territorial entity
296,Ngũ Hành Sơn District,Vietnam,country
297,French Indochina,France,follows
298,Ngọc Sơn (singer),Mongol Empire,location
299,Vietnam,Phong Nha-Kẻ Bàng National Park,contains administrative territorial entity
300,Mỹ Sơn,Da Nang,located in the administrative territorial entity
301,Ngũ Hành Sơn District,Vietnamese đồng,instance of
302,Hạ Long Bay,Vietnam,country
303,Hạ Long Bay,Theres,located in or next to body of water
304,Mekong Delta,Ho Chi Minh City,has part
305,Buddhism,France,participant
306,Dragon Bridge (Ljubljana),Vietnam,country
307,Vietnam,Gautama Buddha,country
308,Japan,Vietnam,has part
309,Nguyễn dynasty,Ancient Egypt,part of
310,Central Highlands (Vietnam),Bay Meadows Racetrack,located on terrain feature
311,Atlantic Ocean,United States dollar,instance of
312,United States dollar,Côn Đảo,part of
313,Trần dynasty,Zhou dynasty,position held
314,Hạ Long Bay,Cát Bà Island,residence
315,Vietnamese đồng,Phạm Văn Đồng,located in the administrative territorial entity
316,United States dollar,Taoism,has part
317,Vietnam,Thuận Phước Bridge,country
318,Cambodia,South Korea,has part
319,UNESCO,Hội An,part of
320,North Island,Phú Quốc National Park,part of
321,Hạ Long Bay,Hanoi,has part
322,Ho Chi Minh,Ho Chi Minh Mausoleum,occupant
323,Ho Chi Minh,Ho Chi Minh Mausoleum,location
324,Hạ Long Bay,Caribbean,located on terrain feature
325,Ho Chi Minh City,Bà Rịa,located on terrain feature
326,Da Lat,Buddhism,part of
327,Mỹ Sơn,Southeast Asia,located on terrain feature
328,Vĩnh Phúc Province,Trang Airport,located in the administrative territorial entity
329,"Edam, Netherlands",Vietnam,country
330,French Quarter,Taoism,location
331,Phong Nha Cave,Phong Nha-Kẻ Bàng National Park,location
332,France,French Quarter,location
333,Chàm Islands,Ecosystem,part of
334,Phạm Văn Đồng,Côn Đảo,located in the administrative territorial entity
335,Taoism,United States dollar,followed by
336,Jayavarman II,Mekong Delta,has part
337,Hoàn Kiếm Lake,"Temple of Literature, Hanoi",location
338,North Island,Pacific Ocean,located on terrain feature
339,Sơn Trà District,Hòa Vang District,located in the administrative territorial entity
340,Annamite Range,Da Nang,located on terrain feature
341,Vietnam,Shang dynasty,country
342,Trần Hưng Đạo,Ngọc Sơn (singer),residence
343,United States dollar,Taoism,sibling
344,French Quarter,France,location
345,Matthew Chau,Holy See,has part
346,Hạ Long Bay,Tip Top (ice cream),located in or next to body of water
347,Côn Đảo,Phan Thiết,located on terrain feature
348,Da Nang,Chàm Islands,located on terrain feature
349,French colonial empire,French Quarter,language of work or name
350,Hội An,Ancient Greece,located on terrain feature
351,Atlantic Ocean,China,located on terrain feature
352,Town,Stow cum Quy,instance of
353,Côn Đảo National Park,Côn Đảo,has part
354,Hạ Long Bay,Sun,location
355,Buddhism,Thích Quảng Đức,religion
356,Dragon Bridge (Da Nang),Hàn River Bridge,followed by
357,Thích Quảng Đức,South Vietnam,country of citizenship
358,Lai Châu Province,Điện Biên Province,contains administrative territorial entity
359,Mekong Delta,Middle East,located in or next to body of water
360,Mũi Né,Vietnamese đồng,located in the administrative territorial entity
361,Holy See,Matthew Chau,part of
362,Hà Giang,People's Liberation Army Navy,part of
363,Singapore,Thailand,part of
364,Sa Pa,Lai Châu Province,contains administrative territorial entity
365,Hanoi,Laos,country
366,Southeast Asia,Hà Giang Province,located in the administrative territorial entity
367,Pacific Ocean,North Island,located on terrain feature
368,United States dollar,Taoism,part of
369,Nature (journal),Matthew Chau,located on terrain feature
370,French colonial empire,Da Lat,located in the administrative territorial entity
371,Hoàn Kiếm Lake,Vietnam,country
372,Hạ Long Bay,Caribbean,located in or next to body of water
373,Tràng An Scenic Landscape Complex,Village,located in the administrative territorial entity
374,Vietnam,Da Lat,applies to jurisdiction
375,BBC News,Alaska,instance of
376,Taoism,Phạm Văn Đồng,contains administrative territorial entity
377,Hội An,Vietnam,country
378,Central Highlands (Vietnam),Vietnam,country
379,Côn Đảo,Pacific Ocean,located on terrain feature
380,Dương Đông,Phú Quốc,contains administrative territorial entity
381,Côn Đảo,Vietnamese đồng,located in the administrative territorial entity
382,Mekong Delta,BBC News,said to be the same as
383,Highway,Dương Văn Minh,located in the administrative territorial entity
384,Taoism,United States dollar,part of
385,Phạm Văn Đồng,Vietnamese đồng,located in the administrative territorial entity
386,Taoism,Côn Đảo,followed by
387,Trang Province,Bau (island),contains administrative territorial entity
388,Phú Quốc,Mediterranean Sea,located on terrain feature
389,Japan,Thailand,part of
390,Sunday Herald,Asia,part of
391,French colonial empire,Da Nang,country
392,United States dollar,Côn Đảo,follows
393,Vietnam,United States,has part
394,Fansipan,Mainland Southeast Asia,location
395,Cambodia,Japan,has part
396,Ho Chi Minh,Nguyễn dynasty,applies to jurisdiction
397,Phan Thiết,Nguyễn dynasty,residence
398,Theres,Hạ Long Bay,located in or next to body of water
399,South Vietnam,Pagoda of the Celestial Lady,country
400,Mekong Delta,Alaska,has part
401,Ho Chi Minh trail,French Indochina,participant
402,Dương Đông,Phú Quốc,located on terrain feature
403,Gautama Buddha,Champa,part of
404,Tu Long,Bai Tu Long Bay,tributary
405,Hoàng Su Phì District,Hà Giang Province,located in the administrative territorial entity
406,Indonesia,China,has part
407,Sơn Trà District,Hòa Vang District,located on terrain feature
408,Annamite Range,Da Nang,located in the administrative territorial entity
409,Minh Mạng,Dương Văn Minh,sibling
410,Southeast Asia,Vietnam,located on terrain feature
411,Bái Đính Temple,Vietnam,country
412,Hanoi,Nguyễn dynasty,country
413,Taoism,French colonial empire,language of work or name
414,Vietnam,Central Highlands (Vietnam),country
415,Da Nang,Huế,contains administrative territorial entity
416,Vietnam,Singapore,has part
417,Nha Trang,Mediterranean Sea,located in or next to body of water
418,Côn Đảo,Vietnamese đồng,sibling
419,Da Nang,Huế,located in the administrative territorial entity
420,Tây Hồ District,Vietnam,country
421,Vietnam,Bái Đính Temple,country
422,Nepal,Japan,has part
423,China,Côn Đảo,located in the administrative territorial entity
424,Mekong Delta,BBC News,has part
425,Taoism,Côn Đảo,has part
426,Bảo Đại,Da Lat,owned by
427,Delta 4,Mekong Delta,has part
428,French colonial empire,Hàm Nghi,father
429,Mainland China,Côn Đảo,followed by
430,Sun,Hạ Long Bay,location
431,Fansipan,Sa Pa,located in the administrative territorial entity
432,Vietnam,South Vietnam,contains administrative territorial entity
433,Nha Trang,Vinh,located in the administrative territorial entity
434,Bau (island),Trang Province,located in the administrative territorial entity
435,Ho Chi Minh City,Côn Đảo,has part
436,French Indochina,Nguyễn dynasty,country
437,United States dollar,Vietnamese đồng,follows
438,Vietnam,Air Mekong,subsidiary
439,Vietnam,Delta 4,contains administrative territorial entity
440,Town,Village,located in the administrative territorial entity
441,Mekong Delta,Vietnam,contains administrative territorial entity
442,Atlantic Ocean,Taoism,followed by
443,French Quarter,French colonial empire,language of work or name
444,Hàn River Bridge,Da Nang,located in the administrative territorial entity
445,UNESCO,Minh Mạng,architect
446,South China Sea,Vietnam,country
447,Vietnam,Tây Hồ District,country
448,Nguyễn dynasty,Vietnamese đồng,spouse
449,Trần dynasty,Trần Hưng Đạo,sibling
450,Indonesia,South Korea,has part
451,Hoàng Su Phì District,Mù Cang Chải District,located in the administrative territorial entity
452,Phong Nha,Vietnam,country of origin
453,Indonesia,Vietnam,has part
454,Han River (Korea),Vietnam,country
455,Vietnam,Hà Giang Province,country
456,Vietnamese đồng,Taoism,sibling
457,Vietnamese đồng,Ngũ Hành Sơn District,located in the administrative territorial entity
458,Phạm Văn Đồng,Nguyễn dynasty,residence
459,Nguyễn dynasty,Han River (Korea),located in or next to body of water
460,Central Highlands (Vietnam),Scottish Highlands,part of
461,Côn Đảo,Taoism,instance of
462,Taoism,United States dollar,sibling
463,Côn Đảo,Côn Đảo Prison,has part
464,Dương Đông,Phú Quốc,located in the administrative territorial entity
465,Côn Đảo,Vietnamese đồng,contains administrative territorial entity
466,BBC News,Côn Đảo,has part
467,Vietnam,Ngũ Hành Sơn District,country
468,Pacific Ocean,Côn Đảo,located on terrain feature
469,Hà Giang,Au Tau,location
470,Taoism,Atlantic Ocean,instance of
471,South Vietnam,Vietnam,country
472,Khánh Hòa Province,Vinh,located in the administrative territorial entity
473,Ho Chi Minh Mausoleum,Ho Chi Minh,location
474,Vietnamese đồng,Phan Thiết,has part
475,Sun,Hội An,located in the administrative territorial entity
476,Bay Meadows Racetrack,Central Highlands (Vietnam),located on terrain feature
477,Taoism,Ngọc Sơn (singer),residence
478,Khánh Hòa Province,Vinh,contains administrative territorial entity
479,Han River (Korea),Da Nang,mouth of the watercourse
480,Ninh Thuận Province,Bình Thuận Province,contains administrative territorial entity
481,Mekong Delta,Ho Chi Minh City,located in the administrative territorial entity
482,Hỏa Lò Prison,French Indochina,operator
483,Vingroup,Phú Quốc,location
484,Singapore,Vietnam,has part
485,Vietnamese đồng,United States dollar,sibling
486,French Indochina,France,followed by
487,Bay Meadows Racetrack,Mekong Delta,has part
488,Malaysia,Vietnam,country of origin
489,Sandhills (Nebraska),Bau (island),located in the administrative territorial entity
490,Marble Mountains (Vietnam),Hòa Vang District,located on terrain feature
491,Nha Trang,Vĩnh Phúc Province,located in the administrative territorial entity
492,Phú Quý,Côn Đảo,located on terrain feature
493,Vietnamese đồng,Phan Thiết,located in the administrative territorial entity
494,Taoism,Ho Chi Minh City,located in the administrative territorial entity
495,Côn Đảo,United States dollar,location
496,Trần Hưng Đạo,Trần dynasty,sibling
497,Nha Trang,Vietnam,country
498,Hàm Nghi,Ho Chi Minh,architect
499,Shang dynasty,Vietnam,country
500,Mainland China,United States dollar,instance of
501,Tip Top (ice cream),Hạ Long Bay,located in or next to body of water
502,Nguyễn dynasty,Huế,headquarters location
503,Hội An,UNESCO,operator
504,Vietnamese đồng,"Ann, Myanmar",followed by
505,Vietnam,Thailand,has part
506,Trần dynasty,Champa,followed by
507,Hòa Vang District,Da Nang,contains administrative territorial entity
508,Hòa Vang District,Marble Mountains (Vietnam),mountain range
509,Vietnam,Phu Bai Combat Base,contains administrative territorial entity
510,Hạ Long Bay,Hanoi,headquarters location
511,Australia,Âu Lạc,located in the administrative territorial entity
512,Champa,Gautama Buddha,part of
513,Hòa Vang District,Da Nang,located in the administrative territorial entity
514,Nguyễn dynasty,Tự Đức,country of citizenship
515,Vietnam,Malaysia,country of origin
516,Côn Đảo,United States dollar,sibling
517,French Indochina,Nguyễn dynasty,located in the administrative territorial entity
518,Da Nang,Vietnam,country
519,Pagoda of the Celestial Lady,Buddhism,religion
520,Nguyễn dynasty,Minh Mạng,country of citizenship
521,Huế,Free imperial city,located in the administrative territorial entity
522,United States,Vietnam,country
523,Ho Chi Minh Highway,Sea level,instance of
524,Vietnamese đồng,Taoism,follows
525,Nguyễn dynasty,UNESCO,part of
526,Sun,Hạ Long Bay,located on terrain feature
527,Mainland China,Côn Đảo,located in the administrative territorial entity
528,Delta 4,Scottish Highlands,located on terrain feature
529,Scottish Highlands,Delta 4,located on terrain feature
530,Bích Động,Gautama Buddha,location
531,Côn Đảo,Ho Chi Minh City,located on terrain feature
532,Thailand,Indonesia,has part
533,Côn Đảo Prison,Côn Đảo,followed by
534,Singapore,Cambodia,has part
535,Gautama Buddha,Quan Cong,part of
536,Nguyễn dynasty,Vietnam,country
537,Da Nang,Sơn Trà District,contains administrative territorial entity
538,"Gours, Gironde",Phong Nha Cave,instance of
539,"French Village, Nova Scotia",Europe,part of
540,Atlantic Ocean,Vietnamese đồng,followed by
541,Hanoi,Cúc Phương National Park,location
542,China,Indonesia,has part
543,Tibet,South China Sea,located on terrain feature
544,Ho Chi Minh City,Côn Đảo,located in the administrative territorial entity
545,Mekong Delta,Sea level,located on terrain feature
546,Bau (island),Sandhills (Nebraska),located in the administrative territorial entity
547,Côn Đảo,Vietnamese đồng,followed by
548,Vietnam,Vietnam Museum of Ethnology,country
549,Đồng Hới,Han River (Korea),located in or next to body of water
550,Minh Mạng,Huế,work location
551,Perfume River,Nguyễn dynasty,country of citizenship
552,Town,Village,instance of
553,Ung County,Sơn Trà District,located on terrain feature
554,"Edam, Netherlands",Hang Sơn Đoòng,participant
555,Lotus Cars,South African Press Association,has part
556,Mekong Delta,Central Highlands (Vietnam),has part
557,Vietnamese đồng,Côn Đảo,location
558,Mainland Southeast Asia,Fansipan,located on terrain feature
559,Thailand,Japan,has part
560,French colonial empire,Taoism,residence
561,Phú Quý,Phan Thiết,located on terrain feature
562,Marble Mountains (Siskiyou County),Sơn Trà District,located on terrain feature
563,Lai Châu Province,Laos,contains administrative territorial entity
564,Phong Nha-Kẻ Bàng National Park,Phong Nha Cave,location
565,Côn Đảo,United States dollar,contains administrative territorial entity
566,Da Nang,Phạm Văn Đồng,contains administrative territorial entity
567,Thailand,Singapore,has part
568,Malaysia,Nha Trang,location
569,French colonial empire,French Quarter,location
570,Mỹ Tho,South Vietnam,country of origin
571,Air Mekong,Vietnam,owned by
572,Taoism,China,followed by
573,Vietnamese đồng,Taoism,instance of
574,Caribbean,Cát Bà National Park,location
575,Long Sơn Pagoda,Taoism,religion
576,Vietnam,Jayavarman II,country
577,France,French Indochina,followed by
578,Buddhism,Pagoda of the Celestial Lady,residence
579,Mũi Né,Phan Thiết,located in the administrative territorial entity
580,Cần Thơ,Mekong Delta,located in or next to body of water
581,Mỹ Sơn,Da Nang,location
582,Vietnam,BBC News,country of origin
583,Phan Thiết,Mũi Né,located in the administrative territorial entity
584,Asia,Sunday Herald,part of
585,Vietnam,France,country
586,Côn Đảo,Atlantic Ocean,located in or next to body of water
587,Scottish Highlands,Central Highlands (Vietnam),part of
588,Theres,Zen,location
589,Taoism,Phạm Văn Đồng,instance of
590,"Ann, Myanmar",United States dollar,instance of
591,Shang dynasty,Trần dynasty,follows
592,United States dollar,Côn Đảo,location
593,Ho Chi Minh City,Mekong Delta,part of
594,Da Lat,Vietnam,applies to jurisdiction
595,Hoàn Kiếm Lake,Vietnam Museum of Ethnology,location
596,Taoism,"Van, Turkey",contains administrative territorial entity
597,Zhou dynasty,Trần dynasty,applies to jurisdiction
598,Mediterranean Sea,Nha Trang,located in or next to body of water
599,Nguyễn dynasty,France,country
600,Vietnamese đồng,Nui (atoll),part of
601,Tràng An Scenic Landscape Complex,Trang Province,contains administrative territorial entity
602,Highway,Sea level,instance of
603,Central Highlands (Vietnam),Mekong Delta,has part
604,BBC News,Vietnam,main subject
605,China,Nha Trang,located on terrain feature
606,French Quarter,Da Lat,located in the administrative territorial entity
607,Mediterranean Sea,Sơn Trà District,has part
608,Nha Trang,Thailand,contains administrative territorial entity
609,Ho Chi Minh City,Mekong Delta,located on terrain feature
610,Vĩnh Phúc Province,Nha Trang,located in the administrative territorial entity
611,BBC News,Mekong Delta,part of
612,United States dollar,China,followed by
613,Da Nang,Han River (Korea),mouth of the watercourse
614,Quan Cong,Nha Trang,located in the administrative territorial entity
615,Scottish Highlands,Bay Meadows Racetrack,located on terrain feature
616,Mekong Delta,Ho Chi Minh City,part of
617,Gautama Buddha,Trần dynasty,follows
618,Hà Giang Province,Mù Cang Chải District,located in the administrative territorial entity
619,Bay Meadows Racetrack,Delta 4,has part
620,Hội An,Japan,crosses
621,"Ann, Myanmar",Vietnamese đồng,followed by
622,Ancient Egypt,Nguyễn dynasty,has part
623,North Vietnam,Thailand,country
624,San Francisco Bay,Elizabeth II,crosses
625,Vietnamese đồng,Central Vietnam,country
626,Atlantic Ocean,Johann Sebastian Bach,located on terrain feature
627,Sea level,Johann Sebastian Bach,mountain range
628,Phan Thiết,Côn Đảo,located on terrain feature
629,Northwest (Vietnam),Lào Cai,contains administrative territorial entity
630,Ho Chi Minh Highway,Highway,instance of
631,French colonial empire,French Indochina,followed by
632,Phong Nha-Kẻ Bàng National Park,Ecosystem,part of
633,Vietnam,Hà Giang Province,contains administrative territorial entity
634,Nguyễn dynasty,Phan Thiết,residence
635,South Vietnam,Phú Quốc,located on terrain feature
636,Vietnam,Phu Bai International Airport,country
637,Sea level,Johann Sebastian Bach,located on terrain feature
638,Vietnamese đồng,United States dollar,follows
639,Vietnamese đồng,Da Nang,located in the administrative territorial entity
640,Tự Đức,Nguyễn dynasty,country of citizenship
641,Trần Hưng Đạo,Taoism,sibling
642,North Island,Côn Đảo,located on terrain feature
643,"Van, Turkey",United States dollar,instance of
644,Dong Van Karst Plateau Geopark,Karst Plateau,located on terrain feature
645,Japan,South Korea,has part
646,Hỏa Lò Prison,France,operator
647,Mũi Né,Vietnam,country
648,Mũi Né,Phan Thiết,location
649,Perfume River,Huế,mouth of the watercourse
650,Indonesia,Singapore,has part
651,Champa,Trần dynasty,follows
652,France,French colonial empire,movement
653,Fansipan,Orient Express,followed by
654,Mỹ Sơn,Da Nang,residence
655,Pagoda of the Celestial Lady,South Vietnam,country
656,Sunday Herald,The Sun (United Kingdom),owned by
657,Phan Thiết,Phú Quý,located on terrain feature
658,Da Nang,Hàn River Bridge,crosses
659,Da Nang,French colonial empire,location
660,Da Lat,French Quarter,located in the administrative territorial entity
661,Nguyễn dynasty,Taoism,instance of
662,Marble Mountains (Siskiyou County),Marble Mountains (Vietnam),mountain range
663,Han River (Korea),Dragon Bridge (Da Nang),crosses
664,Nha Trang,Quan Cong,located in the administrative territorial entity
665,Nguyễn dynasty,Côn Đảo,spouse
666,UNESCO,Hội An,operator
667,Hòa Vang District,Sơn Trà District,located in the administrative territorial entity
668,Hoa Lư,Vietnam,country
669,"Ann, Myanmar",Taoism,said to be the same as
670,Đinh Bộ Lĩnh,Soviet Union,country
671,Cúc Phương National Park,Tràng An Scenic Landscape Complex,located in the administrative territorial entity
672,Hàn River Bridge,Dragon Bridge (Da Nang),followed by
673,Da Nang,Vietnamese đồng,owned by
674,Da Nang,Dragon Bridge (Da Nang),crosses
675,Da Lat,Taoism,located in the administrative territorial entity
676,Vietnam,Laos,contains administrative territorial entity
677,United States dollar,Côn Đảo,instance of
678,Thích Quảng Đức,Buddhism,occupation
679,Atlantic Ocean,Nha Trang,located in the administrative territorial entity
680,"Van, Turkey",Côn Đảo,located in the administrative territorial entity
681,Da Lat,South Vietnam,located on terrain feature
682,Vietnam,Hội An,country
683,Alaska,Ho Chi Minh City,part of
684,Vietnamese đồng,Mũi Né,located in the administrative territorial entity
685,Quan Cong,Taoism,religion
686,Huyền Trân,Trần dynasty,located in the administrative territorial entity
687,Vietnam,Phan Thiết,contains administrative territorial entity
688,Malaysia,Mekong Delta,location
689,Phu Bai Combat Base,Vietnam,country
690,Vietnam,Thailand,country
691,Delta 4,Bay Meadows Racetrack,has part
692,Côn Đảo,Atlantic Ocean,followed by
693,Southeast Asia,Mỹ Sơn,part of
694,Trang Airport,Vĩnh Phúc Province,located in the administrative territorial entity
695,Mainland China,Taoism,followed by
696,Phạm Văn Đồng,Taoism,located in the administrative territorial entity
697,West Lake,Hanoi,located on terrain feature
698,Indonesia,Thailand,part of
699,Vietnam,Ho Chi Minh City,owned by
700,Herald Sun,Asia,country of origin
701,"St Joseph's Cathedral, Rockhampton",French colonial empire,movement
702,Thailand,Nha Trang,contains administrative territorial entity
703,"St Joseph's Cathedral, Rockhampton",French colonial empire,location
704,Sơn Trà District,Shang dynasty,followed by
705,Pagoda of the Celestial Lady,Huế,location
706,Dragon Bridge (Da Nang),Trần Thị Lý Bridge,followed by
707,Ho Chi Minh Highway,Ho Chi Minh,crosses
708,Vietnam,Shang dynasty,country of origin
709,Singapore,China,has part
710,Taoism,Long Sơn Pagoda,religion
711,Highway,Ho Chi Minh,located in the administrative territorial entity
712,Bà Rịa,Côn Đảo,has part
713,Vietnam,Hoa Lư,country
714,Phu Bai International Airport,Phu Bai Combat Base,place served by transport hub
715,Middle East,United States,has part
716,French colonial empire,French Algeria,followed by
717,Da Nang,Europe,location
718,Phan Thiết,Phú Quý,located in the administrative territorial entity
719,Lào Cai,Northwest (Vietnam),contains administrative territorial entity
720,Cambodia,Indonesia,has part
721,UNESCO,Nguyễn dynasty,part of
722,"Temple of Literature, Hanoi",Temple in Jerusalem,location
723,Da Nang International Airport,Da Nang,place served by transport hub
724,Vietnam Museum of Ethnology,Vietnam,country
725,Phú Quốc,Vingroup,location
726,Mù Cang Chải District,Vietnam,country
727,Hoàn Kiếm District,Hoàn Kiếm Lake,located in or next to body of water
728,Côn Đảo,Hawaiian Islands,located on terrain feature
729,Japan,Cambodia,has part
730,Cambodia,Nepal,part of
731,South China Sea,Chàm Islands,located on terrain feature
732,Northwest (Vietnam),Vietnam,country
733,Hanoi,Philippines,headquarters location
734,Côn Đảo,Phú Quý,located on terrain feature
735,United States dollar,Mainland China,followed by
736,Hang Sơn Đoòng,Vietnam,country of origin
737,France,Nguyễn dynasty,owned by
738,Twin Mountains,Sea level,mountain range
739,Fansipan,Vietnam,country
740,Buddhism,South Vietnam,country of citizenship
741,Vietnam,Bà Rịa,contains administrative territorial entity
742,Sea level,Ho Chi Minh,crosses
743,Taoism,Da Lat,located in the administrative territorial entity
744,North Vietnam,Nha Trang,country
745,Buddhism,France,religion
746,Simon Skjodt Assembly Hall,Fujian,located in the administrative territorial entity
747,South Korea,Indonesia,has part
748,Phú Quốc,Vietnam,country
749,Dragon Bridge (Da Nang),Han River (Korea),crosses
750,Nguyễn dynasty,Ho Chi Minh,head of government
751,Da Lat,French Indochina,movement
752,Southeast Asia,Hoàng Su Phì District,located in the administrative territorial entity
753,"Edam, Netherlands",Phong Nha Cave,location
754,Malaysia,United States,part of
755,France,Nguyễn dynasty,country
756,Bay Meadows Racetrack,BBC News,has part
757,Côn Đảo,Taoism,contains administrative territorial entity
758,One Pillar Pagoda,Ho Chi Minh,occupant
759,Hội An,Silk Road,location
760,Trần Thị Lý Bridge,Dragon Bridge (Da Nang),followed by
761,Vietnam,Northwest (Vietnam),contains administrative territorial entity
762,China,Singapore,has part
763,Soviet Union,Russian Aircraft Corporation MiG,operator
764,South Vietnam,Da Lat,located on terrain feature
765,Hạ Long Bay,Vietnam,contains administrative territorial entity
766,"Ann, Myanmar",Taoism,part of
767,Malaysia,Middle East,main subject
768,Trần dynasty,Zhou dynasty,applies to jurisdiction
769,Middle East,Vietnam,country of origin
770,Thailand,South Korea,has part
771,United States dollar,Côn Đảo,located in the administrative territorial entity
772,Côn Đảo,Nguyễn dynasty,residence
773,Mount Everest,Fansipan,part of
774,Atlantic Ocean,Phú Quốc,located in or next to body of water
775,Taoism,Mainland China,followed by
776,Vietnam,Hạ Long Bay,contains administrative territorial entity
777,Trần dynasty,Shang dynasty,follows
778,Marble Mountains (Vietnam),Marble Mountains (Siskiyou County),has part
779,Vietnam,Da Lat,country
780,Da Nang,Vietnamese đồng,instance of
781,Phan Thiết,Vietnam,country
782,Cần Thơ,Mekong Delta,located on terrain feature
783,Côn Đảo,Ho Chi Minh City,located in the administrative territorial entity
784,Phú Quốc,Dương Đông,located in the administrative territorial entity
785,Quan Cong,Gautama Buddha,part of
786,Mekong Delta,Malaysia,part of
787,Vietnam,"Temple of Literature, Hanoi",location
788,Cát Bà Island,Cát Bà National Park,has part
789,Mekong Delta,Mediterranean Sea,located in or next to body of water
790,Au Tau,Hà Giang,location
791,Vietnam,Sơn Trà District,country of origin
792,Cát Bà National Park,Cát Bà Island,has part
793,Ho Chi Minh,French colonial empire,participant
794,Ho Chi Minh,Ho Chi Minh trail,part of
795,South Vietnam,Thích Quảng Đức,country of citizenship
796,Japan,Ancient Greece,language of work or name
797,Lotus Cars,South African Press Association,part of
798,Elizabeth II,Isle of Wight,located on terrain feature
799,Southeast Asia,Mỹ Sơn,located on terrain feature
800,Da Nang,Đồng Hới,contains administrative territorial entity
801,Côn Đảo,BBC News,has part
802,Mount Fuji,Zen,part of
803,Ho Chi Minh Museum,Ho Chi Minh,occupant
804,Delta 4,Vietnam,country
805,Thừa Thiên-Huế Province,Da Nang,contains administrative territorial entity
806,Nguyễn Khánh,Dương Văn Minh,father
807,Atlantic Ocean,United States dollar,followed by
808,Huế,Vietnamese đồng,location
809,Malaysia,Mekong Delta,part of
810,Sơn Trà District,Da Nang,located in the administrative territorial entity
811,Vietnam,Southeast Asia,country
812,French colonial empire,Da Lat,residence
813,Dong Van Karst Plateau Geopark,Karst Plateau,instance of
814,Shang dynasty,Vietnam,country of origin
815,Ecosystem,Chàm Islands,part of
816,Phong Nha-Kẻ Bàng National Park,Vietnam,contains administrative territorial entity
817,United States dollar,"Van, Turkey",has part
818,Điện Biên Province,Sa Pa,contains administrative territorial entity
819,Mekong Delta,Cần Thơ,located on terrain feature
820,Khánh Hòa Province,Nha Trang,contains administrative territorial entity
821,Pagoda of the Celestial Lady,Perfume River,located on terrain feature
822,South China Sea,Phan Thiết,located in or next to body of water
823,Thailand,Nguyễn Thái Học,said to be the same as
824,Phú Quốc,North Island,located on terrain feature
825,China,Atlantic Ocean,followed by
826,Marble Mountains (Vietnam),Hòa Vang District,mountain range
827,French Algeria,Da Nang,location
828,Nepal,China,part of
829,Cát Bà Island,Hạ Long Bay,residence
830,Sơn Trà District,Marble Mountains (Vietnam),located on terrain feature
831,Soviet Union,Đinh Bộ Lĩnh,country
832,Sandhills (Nebraska),Bau (island),said to be the same as
833,Phú Quốc National Park,Phú Quốc,contains administrative territorial entity
834,Japan,Da Lat,located in the administrative territorial entity
835,Nguyễn dynasty,French Indochina,owned by
836,Ho Chi Minh City,Vũng Tàu,located in the administrative territorial entity
837,Silk Road,Hội An,location
838,Bình Thuận Province,Tuy Phong District,contains administrative territorial entity
839,South Korea,Nepal,part of
840,Da Nang,Da Nang International Airport,place served by transport hub
841,Vietnam,Mù Cang Chải District,country
842,Minh Mạng,UNESCO,architect
843,Perfume River,Huế,located in or next to body of water
844,Nguyễn dynasty,United States dollar,spouse
845,French Quarter,French colonial empire,said to be the same as
846,Annamite Range,Huế,located in the administrative territorial entity
847,Caribbean,Cát Bà Island,located on terrain feature
848,"Van, Turkey",Taoism,located in the administrative territorial entity
849,Da Nang,French Algeria,location
850,Vietnam,Bay Meadows Racetrack,contains administrative territorial entity
851,Côn Đảo,Côn Đảo National Park,contains administrative territorial entity
852,Chàm Islands,South China Sea,located in or next to body of water
853,Da Lat,French colonial empire,located in the administrative territorial entity
854,Atlantic Ocean,South Vietnam,located on terrain feature
855,Kiên Giang Province,Phú Quốc,contains administrative territorial entity
856,Alaska,BBC News,has part
857,Phú Quốc,Kiên Giang Province,located in the administrative territorial entity
858,Côn Đảo,Vietnam,country of citizenship
859,Phú Quốc,Kiên Giang Province,contains administrative territorial entity
860,Đồng Hới,Da Nang,located in the administrative territorial entity
861,Bau (island),Sandhills (Nebraska),said to be the same as
862,Taoism,China,instance of
863,Nguyễn dynasty,Taoism,spouse
864,Ho Chi Minh City,Mekong Delta,located in the administrative territorial entity
865,BBC News,Vietnam,country of origin
866,China,Japan,has part
867,Vietnamese đồng,Vietnam,country
868,Buddhism,Vietnam,country
869,Bay Meadows Racetrack,Jayavarman II,has part
870,Taoism,United States dollar,has part
871,Vietnam,Da Nang,country
872,Vingroup,Istanbul Tram,location
873,Vietnam,Da Nang,contains administrative territorial entity
874,Trang Airport,Mediterranean Sea,located in or next to body of water
875,Taoism,Côn Đảo,located in the administrative territorial entity
876,Mainland China,United States dollar,followed by
877,Da Nang,Dragon Bridge (Da Nang),located in the administrative territorial entity
878,South Korea,Cambodia,part of
879,"Long Beach, California",Ngọc Hiển District,location
880,"Van, Turkey",Vietnamese đồng,followed by
881,Nha Trang,Trang Airport,contains administrative territorial entity
882,Singapore,Japan,has part
883,Da Lat,Nguyễn Hoàng,residence
884,Vietnam,Fansipan,country
885,Taoism,United States dollar,instance of
886,Tràng An Scenic Landscape Complex,Cúc Phương National Park,located in the administrative territorial entity
887,Mystic Mountain,Sun,location
888,Perfume River,Minh Mạng,father
889,Ho Chi Minh,Nguyễn dynasty,country
890,Han River (Korea),Đồng Hới,located in or next to body of water
891,Vietnam,Hoàng Su Phì District,country
892,Hỏa Lò Prison,Nguyễn dynasty,location
893,Mount Lao,Mũi Né,located on terrain feature
894,French Indochina,Hỏa Lò Prison,occupant
895,Ngọc Sơn (singer),Trần Hưng Đạo,sibling
896,Mekong Delta,Scottish Highlands,located on terrain feature
897,Mekong Delta,Alaska,located in the administrative territorial entity
898,South Korea,China,part of
899,Da Nang,Phạm Văn Đồng,residence
900,Taoism,Long Sơn Pagoda,movement
901,Cát Bà National Park,Caribbean,part of
902,Isle of Wight,Elizabeth II,located on terrain feature
903,South Vietnam,Da Lat,contains administrative territorial entity
904,Johann Sebastian Bach,Sea level,located on terrain feature
905,United States dollar,Taoism,instance of
906,Sea level,Mekong Delta,located in or next to body of water
907,Hawaiian Islands,Atlantic Ocean,located in or next to body of water
908,Mekong Delta,Taoism,located on terrain feature
909,Ho Chi Minh,Hàm Nghi,architect
910,Shang dynasty,Sơn Trà District,followed by
911,Vietnamese đồng,Côn Đảo,located in the administrative territorial entity
912,"Temple of Literature, Hanoi",Vietnam Museum of Ethnology,has part
913,Ho Chi Minh trail,Ho Chi Minh,part of
914,Fansipan,Mount Everest,part of
915,Dragon Bridge (Da Nang),Nguyễn dynasty,located in the administrative territorial entity
916,French colonial empire,French Indochina,participant
917,Philippines,Hạ Long Bay,has part
918,Ecosystem,Phong Nha-Kẻ Bàng National Park,part of
919,Mainland China,Vietnamese đồng,followed by
920,Nguyễn lords,Nguyễn Thị Minh Khai,sibling
921,French Indochina,Phú Quốc,location
922,Atlantic Ocean,Côn Đảo,located on terrain feature
923,French Indochina,Hỏa Lò Prison,location
924,Hanoi,Hạ Long Bay,has part
925,"Ann, Myanmar",Côn Đảo,said to be the same as
926,Phan Thiết,Vietnamese đồng,located in the administrative territorial entity
927,South Korea,Japan,has part
928,Dương Văn Minh,Minh Mạng,sibling
929,French colonial empire,Phú Quốc,country
930,Johann Sebastian Bach,Atlantic Ocean,located on terrain feature
931,Alaska,Taoism,has part
932,Ngũ Hành Sơn District,Da Nang,contains administrative territorial entity
933,InterContinental Danang Sun Peninsula Resort,InterContinental Hotels Group,followed by
934,France,Buddhism,religion
935,Mediterranean Sea,Trang Airport,located in or next to body of water
936,Vietnam,"Gours, Gironde",country
937,Instagram,Vietnam,country
938,Da Nang,French colonial empire,country
939,Điện Biên Province,Lai Châu Province,contains administrative territorial entity
940,Vietnamese đồng,Côn Đảo,sibling
941,Nguyễn dynasty,"Van, Turkey",residence
942,Vietnam,Da Lat,contains administrative territorial entity
943,Taoism,Mainland China,instance of
944,French Indochina,Ho Chi Minh,participant
945,Ho Chi Minh Mausoleum,Ho Chi Minh,occupant
946,French colonial empire,"St Joseph's Cathedral, Rockhampton",location
947,Da Lat,Bảo Đại,owned by
948,Mũi Né,Nguyễn dynasty,residence
949,French Indochina,Hàm Nghi,father
950,French colonial empire,Taoism,language of work or name
951,Vietnam,Ho Chi Minh City,country
952,Taoism,Vietnamese đồng,has part
953,Northern Vietnam,Vietnam,country
954,Hạ Long Bay,Tip Top (ice cream),located on terrain feature
955,Lào Cai,Lai Châu Province,contains administrative territorial entity
956,Singapore,South Korea,has part
957,Côn Đảo,United States dollar,followed by
958,Ho Chi Minh,Sea level,located in or next to body of water
959,Phạm Văn Đồng,Taoism,instance of
960,China,Vietnamese đồng,followed by
961,France,French colonial empire,religion
962,Mediterranean Sea,Vietnam,country
963,Ho Chi Minh,One Pillar Pagoda,notable work
964,Huế,Nguyễn Văn Thiệu,work location
965,Mainland China,China,followed by
966,Vietnam,Northern Vietnam,country
967,Atlantic Ocean,Mainland China,followed by
968,United States,Malaysia,part of
969,Vietnam,South Korea,has part
970,North Vietnam,Nha Trang,contains administrative territorial entity
971,"Van, Turkey",Taoism,instance of
972,Côn Đảo Prison,Côn Đảo,location
973,China,Côn Đảo,followed by
974,Phú Quý,Phan Thiết,located in the administrative territorial entity
975,Cát Bà Island,Hạ Long Bay,located in or next to body of water
976,South Korea,Singapore,has part
977,Da Lat,Vietnam,country
978,French colonial empire,France,follows
979,Vietnamese đồng,"Van, Turkey",followed by
980,The Sun (United Kingdom),Asia,located on terrain feature
981,Shang dynasty,Gautama Buddha,part of
982,Vietnamese đồng,Côn Đảo,contains administrative territorial entity
983,Vietnam,Mediterranean Sea,part of
984,Theres,Hạ Long Bay,located on terrain feature
985,Buddhism,South Vietnam,country
986,Taoism,Vietnamese đồng,followed by
987,Trần Hưng Đạo,Mongol Empire,military branch
988,Taoism,Mekong Delta,located in or next to body of water
989,United States dollar,Vietnamese đồng,followed by
990,"Temple of Literature, Hanoi",Vietnam,country
991,Instagram,Hội An,part of
992,Vietnam,Philippines,applies to jurisdiction
993,Phú Quốc,Caribbean,located on terrain feature
994,Côn Đảo,Vũng Tàu,located in the administrative territorial entity
995,Phu Bai Combat Base,Phu Bai International Airport,place served by transport hub
996,Vietnamese đồng,Taoism,followed by
997,Vietnamese đồng,Mainland China,followed by
998,Vietnam,Côn Đảo Prison,location
999,Central Highlands (Vietnam),Delta 4,has part
1000,Hanoi,West Lake,located in or next to body of water
1001,Vietnam,Hoa Lư,contains administrative territorial entity
1002,Nguyễn dynasty,Huế,country
1003,Da Nang,Hội An,location
1004,Nguyễn Văn Thiệu,Minh Mạng,father
1005,Cambodia,Singapore,has part
1006,Nha Trang,Atlantic Ocean,located in or next to body of water
1007,Phạm Văn Đồng,Da Nang,residence
1008,Taoism,Trần Hưng Đạo,sibling
1009,Trang Airport,Nha Trang,located in the administrative territorial entity
1010,Côn Đảo,China,followed by
1011,Isle of Wight,San Francisco Bay,located in or next to body of water
1012,Central Vietnam,Phan Thiết,located in the administrative territorial entity
1013,Trang Airport,Nha Trang,contains administrative territorial entity
1014,Da Nang,"French Village, Nova Scotia",located in the administrative territorial entity
1015,Free imperial city,Huế,located in the administrative territorial entity
1016,Sơn Trà District,Mediterranean Sea,located in or next to body of water
1017,Da Nang,Hòa Vang District,contains administrative territorial entity
1018,Cambodia,China,country
1019,Phong Nha Cave,Vietnam,country
1020,Phú Quốc,Phú Quốc National Park,contains administrative territorial entity
1021,Highway,Ho Chi Minh Highway,has part
1022,Da Nang,Hòa Vang District,located in the administrative territorial entity
1023,Jayavarman II,Vietnam,country
1024,United States dollar,Phạm Văn Đồng,has part
1025,Russian Aircraft Corporation MiG,Đinh Bộ Lĩnh,location
1026,Tip Top (ice cream),Hạ Long Bay,located on terrain feature
1027,Taoism,"Ann, Myanmar",part of
1028,Sa Pa,Điện Biên Province,contains administrative territorial entity
1029,Laos,Northwest (Vietnam),contains administrative territorial entity
1030,Mekong Delta,Alaska,located on terrain feature
1031,China,Cambodia,contains administrative territorial entity
1032,Huế,Thừa Thiên-Huế Province,contains administrative territorial entity
1033,Phạm Văn Đồng,Vietnamese đồng,followed by
1034,Vũng Tàu,Ho Chi Minh City,contains administrative territorial entity
1035,Mũi Né,South China Sea,located in or next to body of water
1036,Vietnam,Cambodia,contains administrative territorial entity
1037,Thừa Thiên-Huế Province,Huế,contains administrative territorial entity
1038,Village,Tràng An Scenic Landscape Complex,located in the administrative territorial entity
1039,Mainland Southeast Asia,Fansipan,location
1040,Vietnamese đồng,Taoism,has part
1041,Mediterranean Sea,Sea level,located on terrain feature
1042,Po Nagar,Kalan Rural District,location
1043,Delta 4,Jayavarman II,has part
1044,Nguyễn Thị Minh Khai,Nguyễn lords,sibling
1045,Ho Chi Minh City,Mekong Delta,located in or next to body of water
1046,Côn Đảo,Vietnamese đồng,location
1047,Nguyễn dynasty,French Indochina,located in the administrative territorial entity
1048,Fansipan,Mainland Southeast Asia,located on terrain feature
1049,Da Nang,Hội An,contains administrative territorial entity
1050,Côn Đảo,Mekong Delta,located in or next to body of water
1051,Phong Nha Cave,"Gours, Gironde",instance of
1052,Nguyễn dynasty,Hỏa Lò Prison,location
1053,Nguyễn dynasty,Perfume River,country of citizenship
1054,Asia,Herald Sun,country of origin
1055,Huế,Minh Mạng,father
1056,Cát Bà Island,Caribbean,located on terrain feature
1057,"Ann, Myanmar",United States dollar,said to be the same as
1058,Indonesia,Nepal,has part
1059,Nepal,Singapore,has part
1060,China,United States dollar,followed by
1061,Khánh Hòa Province,Nha Trang,located in the administrative territorial entity
1062,Bình Thuận Province,Phan Thiết,contains administrative territorial entity
1063,Japan,Indonesia,followed by
1064,Minh Mạng,Nguyễn Văn Thiệu,father
1065,South Central Coast,Nha Trang,located on terrain feature
1066,Huế,UNESCO,location
1067,Hà Giang Province,Southeast Asia,located in the administrative territorial entity
1068,Vũng Tàu,Bà Rịa,contains administrative territorial entity
1069,"Van, Turkey",Nguyễn dynasty,residence
1070,Nguyễn Thái Học,Thailand,said to be the same as
1071,Highway,Sea level,crosses
1072,Vietnamese đồng,Côn Đảo,followed by
1073,Atlantic Ocean,Sea level,located in or next to body of water
1074,Trang Airport,Thái Nguyên,contains administrative territorial entity
1075,Ngọc Hiển District,"Long Beach, California",location
1076,Da Nang,Hàn River Bridge,contains administrative territorial entity
1077,Minh Mạng,Huế,residence
1078,Vũng Tàu,Côn Đảo,located in the administrative territorial entity
1079,West Lake,Tây Hồ District,located in or next to body of water
1080,Sóc Trăng,Indonesia,country of origin
1081,Trần dynasty,Gautama Buddha,follows
1082,Phú Quốc,Kiên Giang Province,located on terrain feature
1083,Da Nang,Thừa Thiên-Huế Province,contains administrative territorial entity
1084,Hội An,Instagram,part of
1085,United States,Middle East,has part
1086,Nguyễn dynasty,Ancient Egypt,location
1087,Taoism,Côn Đảo,sibling
1088,Vietnam,Phan Thiết,country
1089,Atlantic Ocean,China,followed by
1090,Huế,Annamite Range,located on terrain feature
1091,Ho Chi Minh,French Indochina,participant
1092,China,Taoism,instance of
1093,Mediterranean Sea,Shang dynasty,located in or next to body of water
1094,Vietnam,Vietnam Museum of Ethnology,location
1095,Scottish Highlands,Vietnam,country
1096,Lai Châu Province,Lào Cai,contains administrative territorial entity
1097,Zhou dynasty,Trần dynasty,father
1098,Nguyễn Văn Linh,Nguyễn dynasty,sibling
1099,Central Vietnam,Vietnam,country
1100,UNESCO,Chàm Islands,operator
1101,Dương Văn Minh,Sea level,located in or next to body of water
1102,Da Nang,Hải Vân Pass,located in the administrative territorial entity
1103,Vietnam,Lào Cai,contains administrative territorial entity
1104,Phú Quốc,Atlantic Ocean,located on terrain feature
1105,United States dollar,Nguyễn dynasty,residence
1106,United States dollar,Côn Đảo,has part
1107,Marble Mountains (Vietnam),Da Nang,located on terrain feature
1108,Indonesia,Cambodia,has part
1109,Côn Đảo,Taoism,has part
1110,Phạm Văn Đồng,"Van, Turkey",residence
1111,Northwest (Vietnam),Laos,contains administrative territorial entity
1112,Nha Trang,Thái Nguyên,contains administrative territorial entity
1113,Da Nang,Đồng Hới,located in the administrative territorial entity
1114,Lào Cai,Laos,contains administrative territorial entity
1115,Tan Long,Philippines,located on terrain feature
1116,Scottish Highlands,Mekong Delta,has part
1117,Nha Trang,Malaysia,location
1118,Phú Quốc National Park,North Island,located on terrain feature
1119,Indonesia,Sóc Trăng,country of origin
1120,Gautama Buddha,Bích Động,location
1121,Scottish Highlands,Jayavarman II,located on terrain feature
1122,United States dollar,Vietnamese đồng,sibling
1123,Da Lat,French colonial empire,residence
1124,Laos,Hanoi,country
1125,French Indochina,Ho Chi Minh trail,participant
1126,Ho Chi Minh City,Air Mekong,subsidiary
1127,Huế,Da Nang,contains administrative territorial entity
1128,South Vietnam,Buddhism,country of citizenship
1129,Japan,China,has part
1130,UNESCO,Falkland Islands,operator
1131,Vĩnh Phúc Province,Vinh,followed by
1132,Phạm Văn Đồng,Vietnamese đồng,residence
1133,Huế,Da Nang,located in the administrative territorial entity
1134,Minh Mạng,Nguyễn dynasty,country of citizenship
1135,Vũng Tàu,Vietnam,country
1136,Singapore,Indonesia,has part
1137,Hội An,Da Nang,location
1138,Taoism,Côn Đảo,contains administrative territorial entity
1139,South African Press Association,Lotus Cars,has part
1140,Hanoi,Hạ Long Bay,headquarters location
1141,Central Highlands (Vietnam),BBC News,has part
1142,Ho Chi Minh trail,Hàm Nghi,architect
1143,Chàm Islands,UNESCO,operator
1144,Mekong Delta,Delta 4,has part
1145,Nguyễn dynasty,Minh Mạng,father
1146,Da Nang,Annamite Range,located on terrain feature
1147,Phan Thiết,Bình Thuận Province,located in the administrative territorial entity
1148,Huế,Nguyễn dynasty,country
1149,Sơn Trà District,Marble Mountains (Siskiyou County),located on terrain feature
1150,France,French colonial empire,language of work or name
1151,Buddhism,South Vietnam,religion
1152,Laos,Lai Châu Province,contains administrative territorial entity
1153,UNESCO,Huế,location
1154,Mongol Empire,Trần dynasty,military branch
1155,Da Nang,Marble Mountains (Vietnam),mountain range
1156,Chàm Islands,Tibet,country
1157,Phú Quốc,Atlantic Ocean,located in or next to body of water
1158,French Quarter,Taoism,located in the administrative territorial entity
1159,Taoism,Nguyễn dynasty,instance of
1160,Nguyễn dynasty,Perfume River,has part
1161,Marble Mountains (Siskiyou County),Marble Mountains (Vietnam),has part
1162,Bình Thuận Province,Tuy Phong District,located in the administrative territorial entity
1163,Jayavarman II,Scottish Highlands,located on terrain feature
1164,Holy See,Matthew Chau,has part
1165,Ancient Greece,Hội An,located on terrain feature
1166,Phan Thiết,Mũi Né,contains administrative territorial entity
1167,Huế,Nguyễn dynasty,location
1168,Malaysia,North Vietnam,country of origin
1169,Mediterranean Sea,Phú Quốc,located on terrain feature
1170,Zhou dynasty,Trần dynasty,position held
1171,Vietnam,South China Sea,part of
1172,Laos,Vietnam,country
1173,Central Highlands (Vietnam),Jayavarman II,located on terrain feature
1174,Côn Đảo,North Island,located on terrain feature
1175,Mekong Delta,Côn Đảo,located in or next to body of water
1176,Ngũ Hành Sơn District,Da Nang,located in the administrative territorial entity
1177,French colonial empire,Ho Chi Minh,participant
1178,United States dollar,Côn Đảo,contains administrative territorial entity
1179,Phan Thiết,Central Vietnam,located in the administrative territorial entity
1180,Sơn Trà District,Shang dynasty,country of origin
1181,Sun,Mystic Mountain,location
1182,Phú Quốc,French colonial empire,country
1183,Sea level,Twin Mountains,mountain range
1184,San Francisco Bay,Isle of Wight,located in or next to body of water
1185,Ho Chi Minh City,Vietnam,country
1186,Côn Đảo,Alaska,located in the administrative territorial entity
1187,Taoism,Côn Đảo,instance of
1188,Thái Nguyên,Nha Trang,contains administrative territorial entity
1189,Nguyễn Văn Thiệu,Huế,work location
1190,Elizabeth II,San Francisco Bay,crosses
1191,Thailand,North Vietnam,country
1192,Zen,Mount Fuji,part of
1193,Marble Mountains (Vietnam),Da Nang,mountain range
1194,BBC News,Taoism,has part
1195,Atlantic Ocean,Côn Đảo,located in the administrative territorial entity
1196,Annamite Range,Huế,located on terrain feature
1197,Zen,Theres,has part
1198,Ho Chi Minh City,Mekong Delta,contains administrative territorial entity
1199,Vietnamese đồng,Hội An,located in the administrative territorial entity
1200,United States dollar,"Ann, Myanmar",has part
1201,Fujian,Simon Skjodt Assembly Hall,location
1202,Air Mekong,Ho Chi Minh City,subsidiary
1203,Indonesia,Japan,has part
1204,Vietnam,"Edam, Netherlands",country
1205,Phong Nha,Vietnam,country
1206,"Temple of Literature, Hanoi",Hoàn Kiếm Lake,location
1207,Phú Quốc,South Vietnam,located on terrain feature
1208,Kiên Giang Province,Phú Quốc,location
1209,Côn Đảo,"Van, Turkey",located in the administrative territorial entity
1210,Han River (Korea),Nguyễn dynasty,located in the administrative territorial entity
1211,Vietnam Museum of Ethnology,Hoàn Kiếm Lake,location
1212,Vietnam,Hoàn Kiếm Lake,country
1213,Vietnam,Ancient Greece,part of
1214,Caribbean,Hạ Long Bay,located in or next to body of water
1215,Pacific Ocean,Alaska,located on terrain feature
1216,Japan,Singapore,has part
1217,Sandhills (Nebraska),Trang Province,contains administrative territorial entity
1218,Da Nang,InterContinental Danang Sun Peninsula Resort,location
1219,"Ann, Myanmar",Phạm Văn Đồng,located in the administrative territorial entity
1220,Gautama Buddha,Quan Cong,location
1221,Vietnam,Dragon Bridge (Ljubljana),country
1222,United States dollar,Côn Đảo,sibling
1223,Vinh,Trang Airport,located in the administrative territorial entity
1224,French Indochina,Nguyễn dynasty,owned by
1225,French Indochina,French colonial empire,followed by
1226,Hanoi,Nguyễn dynasty,applies to jurisdiction
1227,Taoism,Vietnamese đồng,instance of
1228,Nguyễn Văn Linh,Han River (Korea),residence
1229,Nguyễn dynasty,Dragon Bridge (Da Nang),located in the administrative territorial entity
1230,Hàm Nghi,French Indochina,country of citizenship
1231,Jayavarman II,BBC News,said to be the same as
1232,Thái Nguyên,Trang Airport,contains administrative territorial entity
1233,Phú Quốc,Côn Đảo,located on terrain feature
1234,Perfume River,Huế,located in the administrative territorial entity
1235,Vietnam,Hoàn Kiếm Lake,located on terrain feature
1236,Trần dynasty,Taoism,sibling
1237,Hòa Vang District,Sơn Trà District,contains administrative territorial entity
1238,South Korea,China,has part
1239,Vietnamese đồng,United States dollar,instance of
1240,South Vietnam,Atlantic Ocean,located in or next to body of water
1241,Ho Chi Minh Highway,Dương Văn Minh,crosses
1242,Sơn Trà District,Da Nang,located on terrain feature
1243,Hội An,Nguyễn dynasty,country
1244,"French Village, Nova Scotia",Da Nang,located in the administrative territorial entity
1245,Nguyễn dynasty,Côn Đảo,residence
1246,Vietnam,Thailand,part of
1247,Vietnam,Nepal,has part
1248,Nguyễn dynasty,Mũi Né,residence
1249,Chàm Islands,Falkland Islands,instance of
1250,Thailand,Thái Nguyên,located in the administrative territorial entity
1251,Vietnam,Hang Sơn Đoòng,country of origin
1252,Herald Sun,Sunday Herald,publisher
1253,Vietnam,Han River (Korea),country
1254,Nepal,South Korea,has part
1255,Côn Đảo,Vietnam,country
1256,Côn Đảo,United States dollar,instance of
1257,"Gours, Gironde",Vietnam,country
1258,Phú Quốc National Park,Phú Quốc,located on terrain feature
1259,Đinh Bộ Lĩnh,Russian Aircraft Corporation MiG,location
1260,Vietnam,Nguyễn dynasty,country
1261,Da Nang,Mỹ Sơn,located in the administrative territorial entity
1262,Alaska,Mekong Delta,located in the administrative territorial entity
1263,Europe,"French Village, Nova Scotia",part of
1264,Mekong Delta,Bay Meadows Racetrack,has part
1265,InterContinental Hotels Group,InterContinental Danang Sun Peninsula Resort,followed by
1266,Vietnam Museum of Ethnology,Vietnam,location
1267,Da Nang,Đồng Hới,followed by
1268,Ho Chi Minh,Ho Chi Minh Museum,occupant
1269,Đồng Hới,Da Nang,contains administrative territorial entity
1270,Caribbean,Phú Quốc,located on terrain feature
1271,Phú Quốc,French Indochina,location
1272,Hoàng Su Phì District,Vietnam,country
1273,Mekong Delta,Cần Thơ,located in or next to body of water
1274,Vinh,Nha Trang,located in the administrative territorial entity
1275,Mekong Delta,Bay Meadows Racetrack,located on terrain feature
1276,Ho Chi Minh,Nguyễn dynasty,country of citizenship
1277,Bích Động,Vietnam,country
1278,China,Taoism,followed by
1279,China,Nepal,part of
1280,Mekong Delta,Vietnam,country
1281,China,Atlantic Ocean,located in or next to body of water
1282,Mù Cang Chải District,Hoàng Su Phì District,located in the administrative territorial entity
1283,Bai Tu Long Bay,Tu Long,tributary
1284,South China Sea,Tibet,country
1285,Alaska,Mekong Delta,located in or next to body of water
1286,Alaska,Ho Chi Minh City,contains administrative territorial entity
1287,Pagoda of the Celestial Lady,Thích Quảng Đức,residence
1288,Herald Sun,The Sun (United Kingdom),publisher
1289,South China Sea,Southeast Asia,located on terrain feature
1290,Falkland Islands,Chàm Islands,instance of
1291,Taoism,Vietnamese đồng,sibling
1292,Sơn Trà District,Da Nang,contains administrative territorial entity
1293,Phan Thiết,South China Sea,located in or next to body of water
1294,Vietnam,Central Vietnam,country
1295,South Vietnam,Mỹ Tho,country of origin
1296,Sun,Hạ Long Bay,part of
1297,United States dollar,Taoism,followed by
1298,Huế,Perfume River,located in or next to body of water
1299,Mainland Southeast Asia,Vietnam,country
1300,Sea level,Ho Chi Minh Highway,crosses
1301,Kiên Giang Province,Phú Quốc,located on terrain feature
1302,French colonial empire,France,movement
1303,Atlantic Ocean,Taoism,instance of
1304,Village,Town,located in the administrative territorial entity
1305,China,Mainland China,followed by
1306,BBC News,Central Highlands (Vietnam),has part
1307,Taoism,Atlantic Ocean,followed by
